2026/08/27 12:13:48.182, 0, 0 %, 0 %, 1017 MiB, 60.48 W
2026/08/27 12:13:48.187, 1, 0 %, 0 %, 9 MiB, 77.18 W
2026/08/27 12:14:03.194, 0, 0 %, 0 %, 1017 MiB, 50.01 W
2026/08/27 12:14:03.264, 1, 0 %, 0 %, 9 MiB, 71.57 W
2026/08/27 12:14:18.386, 0, 0 %, 0 %, 1017 MiB, 51.53 W
2026/08/27 12:14:18.457, 1, 0 %, 0 %, 9 MiB, 72.79 W
2026/08/27 12:14:33.573, 0, 0 %, 0 %, 1017 MiB, 58.06 W
2026/08/27 12:14:33.574, 1, 0 %, 0 %, 9 MiB, 55.81 W
2026/08/27 12:14:48.577, 0, 0 %, 0 %, 1452 MiB, 58.06 W
2026/08/27 12:14:48.681, 1, 2 %, 0 %, 440 MiB, 77.60 W
2026/08/27 12:15:03.702, 0, 0 %, 0 %, 44646 MiB, 58.06 W
2026/08/27 12:15:03.760, 1, 2 %, 0 %, 440 MiB, 77.60 W
2026/08/27 12:15:18.878, 0, 0 %, 0 %, 44646 MiB, 58.06 W
2026/08/27 12:15:19.007, 1, 2 %, 0 %, 440 MiB, 77.60 W
2026/08/27 12:15:34.007, 0, 0 %, 0 %, 44646 MiB, 58.06 W
2026/08/27 12:15:34.007, 1, 2 %, 0 %, 440 MiB, 66.86 W
2026/08/27 12:15:49.017, 0, 0 %, 0 %, 44646 MiB, 58.06 W
2026/08/27 12:15:49.036, 1, 2 %, 0 %, 440 MiB, 78.49 W
2026/08/27 12:16:04.155, 0, 0 %, 0 %, 44646 MiB, 58.06 W
2026/08/27 12:16:04.232, 1, 0 %, 0 %, 440 MiB, 74.93 W
2026/08/27 12:16:19.349, 0, 0 %, 0 %, 44646 MiB, 58.06 W
2026/08/27 12:16:19.411, 1, 0 %, 0 %, 440 MiB, 78.79 W
2026/08/27 12:16:34.536, 0, 0 %, 0 %, 44646 MiB, 58.06 W
2026/08/27 12:16:34.554, 1, 0 %, 0 %, 440 MiB, 78.53 W
2026/08/27 12:16:49.682, 0, 0 %, 0 %, 44646 MiB, 58.06 W
2026/08/27 12:16:49.785, 1, 0 %, 0 %, 440 MiB, 69.16 W
2026/08/27 12:17:04.906, 0, 0 %, 0 %, 44646 MiB, 58.06 W
2026/08/27 12:17:04.995, 1, 0 %, 0 %, 440 MiB, 75.75 W
2026/08/27 12:17:20.113, 0, 0 %, 0 %, 44896 MiB, 86.49 W
2026/08/27 12:17:20.131, 1, 0 %, 0 %, 43882 MiB, 94.80 W
2026/08/27 12:17:35.275, 0, 0 %, 0 %, 44896 MiB, 70.18 W
2026/08/27 12:17:35.275, 1, 0 %, 0 %, 43882 MiB, 68.86 W
2026/08/27 12:17:50.281, 0, 5 %, 0 %, 44896 MiB, 85.04 W
2026/08/27 12:17:50.351, 1, 0 %, 0 %, 43882 MiB, 83.86 W
2026/08/27 12:18:05.496, 0, 5 %, 0 %, 44896 MiB, 83.87 W
2026/08/27 12:18:05.496, 1, 0 %, 0 %, 43882 MiB, 90.41 W
2026/08/27 12:18:20.596, 0, 0 %, 0 %, 44896 MiB, 86.05 W
2026/08/27 12:18:20.620, 1, 0 %, 0 %, 43882 MiB, 81.95 W
2026/08/27 12:18:35.759, 0, 0 %, 0 %, 44896 MiB, 85.92 W
2026/08/27 12:18:35.759, 1, 0 %, 0 %, 43882 MiB, 90.24 W
2026/08/27 12:18:50.820, 0, 0 %, 0 %, 44896 MiB, 86.11 W
2026/08/27 12:18:50.821, 1, 0 %, 0 %, 43882 MiB, 84.85 W
2026/08/27 12:19:05.836, 0, 0 %, 0 %, 44896 MiB, 82.51 W
2026/08/27 12:19:05.841, 1, 0 %, 0 %, 43882 MiB, 78.12 W
2026/08/27 12:19:20.847, 0, 0 %, 0 %, 44984 MiB, 84.39 W
2026/08/27 12:19:20.847, 1, 100 %, 28 %, 43976 MiB, 87.02 W
2026/08/27 12:19:35.896, 0, 100 %, 27 %, 44984 MiB, 267.63 W
2026/08/27 12:19:35.898, 1, 100 %, 27 %, 43976 MiB, 278.92 W
2026/08/27 12:19:50.954, 0, 100 %, 26 %, 44984 MiB, 272.20 W
2026/08/27 12:19:50.970, 1, 100 %, 26 %, 43976 MiB, 297.61 W
2026/08/27 12:20:06.217, 0, 100 %, 26 %, 44984 MiB, 267.30 W
2026/08/27 12:20:06.217, 1, 100 %, 27 %, 43976 MiB, 280.94 W
2026/08/27 12:20:21.247, 0, 100 %, 27 %, 44984 MiB, 266.44 W
2026/08/27 12:20:21.252, 1, 100 %, 26 %, 43976 MiB, 275.79 W
2026/08/27 12:20:36.255, 0, 100 %, 26 %, 44984 MiB, 268.79 W
2026/08/27 12:20:36.256, 1, 45 %, 49 %, 43976 MiB, 298.04 W
2026/08/27 12:20:51.261, 0, 38 %, 1 %, 44984 MiB, 274.37 W
2026/08/27 12:20:51.262, 1, 100 %, 26 %, 43976 MiB, 282.59 W
2026/08/27 12:21:06.264, 0, 100 %, 23 %, 44984 MiB, 287.76 W
2026/08/27 12:21:06.379, 1, 100 %, 23 %, 43976 MiB, 297.74 W
2026/08/27 12:21:21.643, 0, 100 %, 23 %, 44984 MiB, 285.69 W
2026/08/27 12:21:21.643, 1, 100 %, 27 %, 43976 MiB, 297.91 W
2026/08/27 12:21:36.643, 0, 100 %, 24 %, 44984 MiB, 281.69 W
2026/08/27 12:21:36.644, 1, 100 %, 27 %, 43976 MiB, 281.19 W
2026/08/27 12:21:51.651, 0, 100 %, 22 %, 44984 MiB, 287.04 W
2026/08/27 12:21:51.655, 1, 100 %, 24 %, 43976 MiB, 299.78 W
2026/08/27 12:22:06.823, 0, 100 %, 26 %, 44984 MiB, 272.43 W
2026/08/27 12:22:06.942, 1, 100 %, 25 %, 43976 MiB, 297.24 W
2026/08/27 12:22:22.146, 0, 100 %, 21 %, 44984 MiB, 274.10 W
2026/08/27 12:22:22.146, 1, 100 %, 23 %, 43976 MiB, 283.12 W
2026/08/27 12:22:37.149, 0, 0 %, 0 %, 44984 MiB, 104.54 W
2026/08/27 12:22:37.149, 1, 0 %, 0 %, 43976 MiB, 118.17 W
2026/08/27 12:22:52.264, 0, 0 %, 0 %, 44984 MiB, 105.96 W
2026/08/27 12:22:52.302, 1, 0 %, 0 %, 43976 MiB, 105.93 W
2026/08/27 12:23:07.420, 0, 0 %, 0 %, 44984 MiB, 105.96 W
2026/08/27 12:23:07.420, 1, 0 %, 0 %, 43976 MiB, 102.16 W
2026/08/27 12:23:22.427, 0, 0 %, 0 %, 44984 MiB, 105.96 W
2026/08/27 12:23:22.428, 1, 6 %, 0 %, 43976 MiB, 78.55 W
2026/08/27 12:23:37.557, 0, 0 %, 0 %, 44984 MiB, 105.96 W
2026/08/27 12:23:37.557, 1, 0 %, 0 %, 43976 MiB, 94.62 W
2026/08/27 12:23:52.624, 0, 0 %, 0 %, 44984 MiB, 105.96 W
2026/08/27 12:23:52.624, 1, 0 %, 0 %, 43976 MiB, 85.13 W
2026/08/27 12:24:07.633, 0, 0 %, 0 %, 44984 MiB, 89.19 W
2026/08/27 12:24:07.633, 1, 0 %, 0 %, 43976 MiB, 81.13 W
2026/08/27 12:24:22.636, 0, 70 %, 14 %, 44984 MiB, 290.64 W
2026/08/27 12:24:22.716, 1, 100 %, 26 %, 43976 MiB, 298.38 W
2026/08/27 12:24:37.976, 0, 60 %, 6 %, 44984 MiB, 290.79 W
2026/08/27 12:24:37.977, 1, 100 %, 26 %, 43976 MiB, 297.16 W
2026/08/27 12:24:53.079, 0, 100 %, 28 %, 44984 MiB, 286.66 W
2026/08/27 12:24:53.080, 1, 100 %, 26 %, 43976 MiB, 279.63 W
2026/08/27 12:25:08.089, 0, 100 %, 27 %, 44984 MiB, 289.78 W
2026/08/27 12:25:08.089, 1, 100 %, 27 %, 43976 MiB, 279.48 W
2026/08/27 12:25:23.094, 0, 100 %, 23 %, 44984 MiB, 273.82 W
2026/08/27 12:25:23.094, 1, 100 %, 26 %, 43976 MiB, 282.38 W
2026/08/27 12:25:38.095, 0, 100 %, 26 %, 44984 MiB, 275.60 W
2026/08/27 12:25:38.173, 1, 100 %, 26 %, 43976 MiB, 285.19 W
2026/08/27 12:25:53.415, 0, 100 %, 21 %, 44984 MiB, 288.89 W
2026/08/27 12:25:53.566, 1, 100 %, 26 %, 43976 MiB, 299.14 W
2026/08/27 12:26:08.816, 0, 74 %, 16 %, 44984 MiB, 276.15 W
2026/08/27 12:26:08.971, 1, 100 %, 32 %, 43976 MiB, 288.14 W
2026/08/27 12:26:24.177, 0, 44 %, 47 %, 44984 MiB, 271.33 W
2026/08/27 12:26:24.177, 1, 100 %, 24 %, 43976 MiB, 283.92 W
2026/08/27 12:26:39.184, 0, 100 %, 25 %, 44984 MiB, 287.13 W
2026/08/27 12:26:39.279, 1, 100 %, 25 %, 43976 MiB, 281.91 W
2026/08/27 12:26:54.516, 0, 100 %, 25 %, 44984 MiB, 271.24 W
2026/08/27 12:26:54.517, 1, 100 %, 27 %, 43976 MiB, 299.70 W
2026/08/27 12:27:09.525, 0, 100 %, 22 %, 44984 MiB, 280.46 W
2026/08/27 12:27:09.557, 1, 100 %, 27 %, 43976 MiB, 278.78 W
2026/08/27 12:27:24.793, 0, 0 %, 0 %, 44984 MiB, 283.61 W
2026/08/27 12:27:24.793, 1, 0 %, 0 %, 43976 MiB, 114.58 W
2026/08/27 12:27:39.799, 0, 0 %, 0 %, 44984 MiB, 283.61 W
2026/08/27 12:27:39.799, 1, 0 %, 0 %, 43976 MiB, 85.91 W
2026/08/27 12:27:54.868, 0, 0 %, 0 %, 44984 MiB, 283.61 W
2026/08/27 12:27:54.868, 1, 0 %, 0 %, 43976 MiB, 99.43 W
2026/08/27 12:28:09.870, 0, 0 %, 0 %, 44984 MiB, 283.61 W
2026/08/27 12:28:09.913, 1, 0 %, 0 %, 43976 MiB, 78.13 W
2026/08/27 12:28:25.055, 0, 0 %, 0 %, 44984 MiB, 283.61 W
2026/08/27 12:28:25.055, 1, 0 %, 0 %, 43976 MiB, 86.32 W
2026/08/27 12:28:40.075, 0, 0 %, 0 %, 44984 MiB, 283.61 W
2026/08/27 12:28:40.075, 1, 0 %, 0 %, 43976 MiB, 76.83 W
2026/08/27 12:28:55.091, 0, 0 %, 0 %, 44984 MiB, 265.67 W
2026/08/27 12:28:55.091, 1, 0 %, 0 %, 43976 MiB, 88.86 W
2026/08/27 12:29:10.097, 0, 100 %, 29 %, 44984 MiB, 272.85 W
2026/08/27 12:29:10.097, 1, 100 %, 27 %, 43976 MiB, 280.74 W
2026/08/27 12:29:25.102, 0, 100 %, 38 %, 44984 MiB, 284.21 W
2026/08/27 12:29:25.105, 1, 100 %, 27 %, 43976 MiB, 281.29 W
2026/08/27 12:29:40.110, 0, 100 %, 26 %, 44984 MiB, 266.51 W
2026/08/27 12:29:40.111, 1, 35 %, 12 %, 43976 MiB, 276.47 W
2026/08/27 12:29:55.130, 0, 89 %, 20 %, 44984 MiB, 265.43 W
2026/08/27 12:29:55.131, 1, 71 %, 16 %, 43976 MiB, 283.98 W
2026/08/27 12:30:10.135, 0, 100 %, 26 %, 44984 MiB, 267.16 W
2026/08/27 12:30:10.274, 1, 100 %, 26 %, 43976 MiB, 299.64 W
2026/08/27 12:30:25.530, 0, 100 %, 26 %, 44984 MiB, 287.03 W
2026/08/27 12:30:25.531, 1, 86 %, 19 %, 43976 MiB, 296.68 W
2026/08/27 12:30:40.534, 0, 100 %, 23 %, 44984 MiB, 284.88 W
2026/08/27 12:30:40.660, 1, 100 %, 25 %, 43976 MiB, 297.60 W
2026/08/27 12:30:55.871, 0, 100 %, 27 %, 44984 MiB, 282.17 W
2026/08/27 12:30:55.997, 1, 100 %, 25 %, 43976 MiB, 295.12 W
2026/08/27 12:31:11.247, 0, 100 %, 24 %, 44984 MiB, 279.95 W
2026/08/27 12:31:11.249, 1, 100 %, 27 %, 43976 MiB, 289.45 W
2026/08/27 12:31:26.251, 0, 100 %, 22 %, 44984 MiB, 287.15 W
2026/08/27 12:31:26.414, 1, 34 %, 18 %, 43976 MiB, 289.99 W
2026/08/27 12:31:41.625, 0, 100 %, 26 %, 44984 MiB, 286.92 W
2026/08/27 12:31:41.736, 1, 100 %, 24 %, 43976 MiB, 278.45 W
2026/08/27 12:31:56.978, 0, 100 %, 26 %, 44984 MiB, 285.41 W
2026/08/27 12:31:57.100, 1, 100 %, 24 %, 43976 MiB, 298.39 W
2026/08/27 12:32:12.308, 0, 100 %, 22 %, 44984 MiB, 105.62 W
2026/08/27 12:32:12.309, 1, 0 %, 0 %, 43976 MiB, 108.69 W
2026/08/27 12:32:27.314, 0, 100 %, 22 %, 44984 MiB, 100.31 W
2026/08/27 12:32:27.314, 1, 0 %, 0 %, 43976 MiB, 106.74 W
2026/08/27 12:32:42.373, 0, 100 %, 22 %, 44984 MiB, 80.22 W
2026/08/27 12:32:42.373, 1, 0 %, 0 %, 43976 MiB, 89.80 W
2026/08/27 12:32:57.386, 0, 100 %, 22 %, 44984 MiB, 94.09 W
2026/08/27 12:32:57.388, 1, 1 %, 0 %, 43976 MiB, 98.77 W
2026/08/27 12:33:12.494, 0, 100 %, 22 %, 44984 MiB, 80.61 W
2026/08/27 12:33:12.499, 1, 3 %, 0 %, 43976 MiB, 77.97 W
2026/08/27 12:33:27.633, 0, 100 %, 22 %, 44984 MiB, 89.56 W
2026/08/27 12:33:27.633, 1, 0 %, 0 %, 43976 MiB, 78.34 W
2026/08/27 12:33:42.639, 0, 100 %, 27 %, 44984 MiB, 293.26 W
2026/08/27 12:33:42.640, 1, 100 %, 27 %, 43976 MiB, 95.09 W
2026/08/27 12:33:57.643, 0, 100 %, 27 %, 44984 MiB, 293.26 W
2026/08/27 12:33:57.659, 1, 100 %, 27 %, 43976 MiB, 76.27 W
2026/08/27 12:34:12.778, 0, 100 %, 27 %, 44984 MiB, 293.26 W
2026/08/27 12:34:12.778, 1, 100 %, 27 %, 43976 MiB, 95.53 W
2026/08/27 12:34:27.782, 0, 100 %, 27 %, 44984 MiB, 293.26 W
2026/08/27 12:34:27.782, 1, 100 %, 27 %, 43976 MiB, 88.15 W
2026/08/27 12:34:42.845, 0, 100 %, 27 %, 44984 MiB, 293.26 W
2026/08/27 12:34:42.847, 1, 100 %, 27 %, 43976 MiB, 90.72 W
2026/08/27 12:34:57.950, 0, 100 %, 27 %, 44984 MiB, 293.26 W
2026/08/27 12:34:57.957, 1, 100 %, 27 %, 43976 MiB, 93.32 W
2026/08/27 12:35:13.095, 0, 100 %, 27 %, 44984 MiB, 222.49 W
2026/08/27 12:35:13.095, 1, 100 %, 27 %, 43976 MiB, 177.30 W
2026/08/27 12:35:28.141, 0, 100 %, 27 %, 44984 MiB, 290.93 W
2026/08/27 12:35:28.244, 1, 100 %, 30 %, 43976 MiB, 264.53 W
2026/08/27 12:35:43.419, 0, 99 %, 28 %, 44984 MiB, 292.30 W
2026/08/27 12:35:43.420, 1, 100 %, 27 %, 43976 MiB, 298.32 W
2026/08/27 12:35:58.423, 0, 100 %, 27 %, 44984 MiB, 290.50 W
2026/08/27 12:35:58.425, 1, 100 %, 33 %, 43976 MiB, 278.91 W
2026/08/27 12:36:13.428, 0, 100 %, 27 %, 44984 MiB, 279.60 W
2026/08/27 12:36:13.429, 1, 100 %, 26 %, 43976 MiB, 278.30 W
2026/08/27 12:36:28.435, 0, 64 %, 70 %, 44984 MiB, 278.56 W
2026/08/27 12:36:28.435, 1, 100 %, 27 %, 43976 MiB, 281.10 W
2026/08/27 12:36:43.435, 0, 48 %, 1 %, 44984 MiB, 275.83 W
2026/08/27 12:36:43.610, 1, 100 %, 26 %, 43976 MiB, 280.62 W
2026/08/27 12:36:58.820, 0, 100 %, 22 %, 44984 MiB, 281.80 W
2026/08/27 12:36:59.067, 1, 100 %, 24 %, 43976 MiB, 283.37 W
2026/08/27 12:37:14.238, 0, 100 %, 26 %, 44984 MiB, 284.70 W
2026/08/27 12:37:14.388, 1, 100 %, 25 %, 43976 MiB, 298.01 W
2026/08/27 12:37:29.694, 0, 100 %, 26 %, 44984 MiB, 287.27 W
2026/08/27 12:37:29.834, 1, 100 %, 23 %, 43976 MiB, 297.75 W
2026/08/27 12:37:45.083, 0, 100 %, 27 %, 44984 MiB, 278.22 W
2026/08/27 12:37:45.084, 1, 100 %, 24 %, 43976 MiB, 283.60 W
2026/08/27 12:38:00.090, 0, 100 %, 25 %, 44984 MiB, 281.18 W
2026/08/27 12:38:00.161, 1, 100 %, 28 %, 43976 MiB, 280.10 W
2026/08/27 12:38:15.401, 0, 100 %, 25 %, 44984 MiB, 287.06 W
2026/08/27 12:38:15.481, 1, 100 %, 23 %, 43976 MiB, 298.40 W
2026/08/27 12:38:30.723, 0, 100 %, 27 %, 44984 MiB, 265.30 W
2026/08/27 12:38:30.874, 1, 100 %, 27 %, 43976 MiB, 296.90 W
2026/08/27 12:38:46.083, 0, 0 %, 0 %, 44984 MiB, 96.49 W
2026/08/27 12:38:46.084, 1, 100 %, 27 %, 43976 MiB, 298.72 W
2026/08/27 12:39:01.207, 0, 5 %, 0 %, 44984 MiB, 99.10 W
2026/08/27 12:39:01.209, 1, 100 %, 27 %, 43976 MiB, 298.72 W
2026/08/27 12:39:16.212, 0, 0 %, 0 %, 44984 MiB, 90.64 W
2026/08/27 12:39:16.225, 1, 100 %, 27 %, 43976 MiB, 298.72 W
2026/08/27 12:39:31.359, 0, 5 %, 0 %, 44984 MiB, 92.32 W
2026/08/27 12:39:31.388, 1, 100 %, 27 %, 43976 MiB, 298.72 W
2026/08/27 12:39:46.524, 0, 10 %, 0 %, 44984 MiB, 92.92 W
2026/08/27 12:39:46.525, 1, 100 %, 27 %, 43976 MiB, 298.72 W
2026/08/27 12:40:01.604, 0, 0 %, 0 %, 44984 MiB, 163.59 W
2026/08/27 12:40:01.604, 1, 100 %, 27 %, 43976 MiB, 298.72 W
2026/08/27 12:40:16.831, 0, 100 %, 27 %, 44984 MiB, 271.31 W
2026/08/27 12:40:17.118, 1, 100 %, 27 %, 43976 MiB, 296.80 W
2026/08/27 12:40:32.287, 0, 100 %, 28 %, 44984 MiB, 274.98 W
2026/08/27 12:40:32.316, 1, 100 %, 27 %, 43976 MiB, 276.15 W
2026/08/27 12:40:47.451, 0, 100 %, 40 %, 44984 MiB, 270.65 W
2026/08/27 12:40:47.451, 1, 39 %, 5 %, 43976 MiB, 289.57 W
2026/08/27 12:41:02.452, 0, 100 %, 92 %, 44984 MiB, 284.96 W
2026/08/27 12:41:02.452, 1, 100 %, 27 %, 43976 MiB, 291.64 W
2026/08/27 12:41:17.454, 0, 100 %, 66 %, 44984 MiB, 287.56 W
2026/08/27 12:41:17.647, 1, 100 %, 27 %, 43976 MiB, 298.79 W
2026/08/27 12:41:32.855, 0, 100 %, 32 %, 44984 MiB, 263.16 W
2026/08/27 12:41:32.855, 1, 100 %, 25 %, 43976 MiB, 281.50 W
2026/08/27 12:41:47.861, 0, 80 %, 88 %, 44984 MiB, 268.39 W
2026/08/27 12:41:48.030, 1, 100 %, 26 %, 43976 MiB, 281.29 W
2026/08/27 12:42:03.260, 0, 100 %, 25 %, 44984 MiB, 284.61 W
2026/08/27 12:42:03.386, 1, 100 %, 24 %, 43976 MiB, 278.14 W
2026/08/27 12:42:18.601, 0, 100 %, 22 %, 44984 MiB, 280.37 W
2026/08/27 12:42:18.602, 1, 100 %, 26 %, 43976 MiB, 278.24 W
2026/08/27 12:42:33.605, 0, 100 %, 26 %, 44984 MiB, 278.40 W
2026/08/27 12:42:33.636, 1, 100 %, 26 %, 43976 MiB, 279.03 W
2026/08/27 12:42:48.874, 0, 100 %, 21 %, 44984 MiB, 277.24 W
2026/08/27 12:42:49.098, 1, 100 %, 25 %, 43976 MiB, 294.36 W
2026/08/27 12:43:04.336, 0, 100 %, 25 %, 44984 MiB, 276.79 W
2026/08/27 12:43:04.477, 1, 100 %, 29 %, 43976 MiB, 281.29 W
2026/08/27 12:43:19.684, 0, 100 %, 18 %, 44984 MiB, 259.42 W
2026/08/27 12:43:19.911, 1, 100 %, 24 %, 43976 MiB, 274.91 W
2026/08/27 12:43:35.069, 0, 3 %, 0 %, 44984 MiB, 280.62 W
2026/08/27 12:43:35.141, 1, 100 %, 26 %, 43976 MiB, 287.80 W
2026/08/27 12:43:50.257, 0, 3 %, 0 %, 44984 MiB, 98.47 W
2026/08/27 12:43:50.261, 1, 100 %, 26 %, 43976 MiB, 90.23 W
2026/08/27 12:44:05.268, 0, 0 %, 0 %, 44984 MiB, 84.10 W
2026/08/27 12:44:05.269, 1, 100 %, 26 %, 43976 MiB, 96.56 W
2026/08/27 12:44:20.280, 0, 0 %, 0 %, 44984 MiB, 90.66 W
2026/08/27 12:44:20.282, 1, 100 %, 26 %, 43976 MiB, 88.30 W
2026/08/27 12:44:35.389, 0, 5 %, 0 %, 44984 MiB, 91.38 W
2026/08/27 12:44:35.392, 1, 5 %, 0 %, 43976 MiB, 98.22 W
2026/08/27 12:44:50.519, 0, 4 %, 0 %, 44984 MiB, 90.36 W
2026/08/27 12:44:50.522, 1, 0 %, 0 %, 43976 MiB, 92.60 W
2026/08/27 12:45:05.655, 0, 100 %, 36 %, 44984 MiB, 250.58 W
2026/08/27 12:45:05.656, 1, 100 %, 100 %, 43976 MiB, 297.46 W
2026/08/27 12:45:20.706, 0, 100 %, 26 %, 44984 MiB, 273.22 W
2026/08/27 12:45:20.707, 1, 100 %, 29 %, 43976 MiB, 279.76 W
2026/08/27 12:45:35.784, 0, 100 %, 25 %, 44984 MiB, 273.50 W
2026/08/27 12:45:35.940, 1, 100 %, 26 %, 43976 MiB, 281.19 W
2026/08/27 12:45:51.154, 0, 100 %, 23 %, 44984 MiB, 286.97 W
2026/08/27 12:45:51.225, 1, 100 %, 29 %, 43976 MiB, 277.62 W
2026/08/27 12:46:06.477, 0, 100 %, 24 %, 44984 MiB, 278.50 W
2026/08/27 12:46:06.709, 1, 100 %, 26 %, 43976 MiB, 296.13 W
2026/08/27 12:46:21.958, 0, 100 %, 26 %, 44984 MiB, 273.84 W
2026/08/27 12:46:21.958, 1, 100 %, 24 %, 43976 MiB, 298.71 W
2026/08/27 12:46:36.966, 0, 100 %, 94 %, 44984 MiB, 264.19 W
2026/08/27 12:46:37.150, 1, 100 %, 26 %, 43976 MiB, 298.61 W
2026/08/27 12:46:52.360, 0, 96 %, 23 %, 44984 MiB, 285.89 W
2026/08/27 12:46:52.360, 1, 100 %, 24 %, 43976 MiB, 298.17 W
2026/08/27 12:47:07.360, 0, 100 %, 26 %, 44984 MiB, 290.26 W
2026/08/27 12:47:07.510, 1, 100 %, 24 %, 43976 MiB, 298.14 W
2026/08/27 12:47:22.764, 0, 100 %, 27 %, 44984 MiB, 273.90 W
2026/08/27 12:47:22.936, 1, 100 %, 23 %, 43976 MiB, 288.48 W
2026/08/27 12:47:38.141, 0, 100 %, 27 %, 44984 MiB, 269.24 W
2026/08/27 12:47:38.337, 1, 100 %, 26 %, 43976 MiB, 283.42 W
2026/08/27 12:47:53.522, 0, 100 %, 24 %, 44984 MiB, 284.20 W
2026/08/27 12:47:53.656, 1, 100 %, 24 %, 43976 MiB, 297.43 W
2026/08/27 12:48:08.898, 0, 38 %, 11 %, 44984 MiB, 286.73 W
2026/08/27 12:48:09.001, 1, 100 %, 25 %, 43976 MiB, 298.63 W
2026/08/27 12:48:24.208, 0, 0 %, 0 %, 44984 MiB, 105.37 W
2026/08/27 12:48:24.209, 1, 0 %, 0 %, 43976 MiB, 103.95 W
2026/08/27 12:48:39.212, 0, 0 %, 0 %, 44984 MiB, 84.11 W
2026/08/27 12:48:39.213, 1, 1 %, 0 %, 43976 MiB, 90.89 W
2026/08/27 12:48:54.301, 0, 0 %, 0 %, 44984 MiB, 94.45 W
2026/08/27 12:48:54.305, 1, 0 %, 0 %, 43976 MiB, 90.67 W
2026/08/27 12:49:09.344, 0, 0 %, 0 %, 44984 MiB, 87.58 W
2026/08/27 12:49:09.418, 1, 0 %, 0 %, 43976 MiB, 91.33 W
2026/08/27 12:49:24.536, 0, 0 %, 0 %, 44984 MiB, 82.37 W
2026/08/27 12:49:24.536, 1, 6 %, 0 %, 43976 MiB, 91.33 W
2026/08/27 12:49:39.566, 0, 0 %, 0 %, 44984 MiB, 82.37 W
2026/08/27 12:49:39.566, 1, 0 %, 0 %, 43976 MiB, 91.33 W
2026/08/27 12:49:54.626, 0, 100 %, 24 %, 44984 MiB, 293.05 W
2026/08/27 12:49:54.628, 1, 100 %, 33 %, 43976 MiB, 298.04 W
2026/08/27 12:50:09.634, 0, 100 %, 27 %, 44984 MiB, 289.44 W
2026/08/27 12:50:09.635, 1, 100 %, 29 %, 43976 MiB, 297.82 W
2026/08/27 12:50:24.852, 0, 100 %, 27 %, 44984 MiB, 288.45 W
2026/08/27 12:50:24.854, 1, 100 %, 85 %, 43976 MiB, 298.23 W
2026/08/27 12:50:39.857, 0, 99 %, 29 %, 44984 MiB, 286.25 W
2026/08/27 12:50:39.857, 1, 100 %, 24 %, 43976 MiB, 297.98 W
2026/08/27 12:50:54.858, 0, 100 %, 27 %, 44984 MiB, 277.56 W
2026/08/27 12:50:54.990, 1, 100 %, 23 %, 43976 MiB, 281.60 W
2026/08/27 12:51:10.200, 0, 100 %, 21 %, 44984 MiB, 274.64 W
2026/08/27 12:51:10.200, 1, 100 %, 25 %, 43976 MiB, 283.55 W
2026/08/27 12:51:25.201, 0, 100 %, 23 %, 44984 MiB, 287.16 W
2026/08/27 12:51:25.313, 1, 100 %, 27 %, 43976 MiB, 298.31 W
2026/08/27 12:51:40.560, 0, 100 %, 26 %, 44984 MiB, 270.58 W
2026/08/27 12:51:40.708, 1, 100 %, 25 %, 43976 MiB, 298.06 W
2026/08/27 12:51:55.967, 0, 100 %, 23 %, 44984 MiB, 277.81 W
2026/08/27 12:51:56.150, 1, 100 %, 23 %, 43976 MiB, 283.81 W
2026/08/27 12:52:11.357, 0, 100 %, 93 %, 44984 MiB, 284.42 W
2026/08/27 12:52:11.473, 1, 100 %, 26 %, 43976 MiB, 281.81 W
2026/08/27 12:52:26.680, 0, 100 %, 25 %, 44984 MiB, 285.27 W
2026/08/27 12:52:26.762, 1, 100 %, 24 %, 43976 MiB, 283.29 W
2026/08/27 12:52:42.011, 0, 100 %, 23 %, 44984 MiB, 275.94 W
2026/08/27 12:52:42.081, 1, 100 %, 24 %, 43976 MiB, 282.87 W
2026/08/27 12:52:57.288, 0, 100 %, 26 %, 44984 MiB, 270.10 W
2026/08/27 12:52:57.400, 1, 100 %, 26 %, 43976 MiB, 281.17 W
2026/08/27 12:53:12.601, 0, 5 %, 0 %, 44984 MiB, 281.56 W
2026/08/27 12:53:12.601, 1, 0 %, 0 %, 43976 MiB, 291.26 W
2026/08/27 12:53:27.708, 0, 5 %, 0 %, 44984 MiB, 281.56 W
2026/08/27 12:53:27.708, 1, 0 %, 0 %, 43976 MiB, 291.26 W
2026/08/27 12:53:42.748, 0, 5 %, 0 %, 44984 MiB, 281.56 W
2026/08/27 12:53:42.749, 1, 0 %, 0 %, 43976 MiB, 291.26 W
2026/08/27 12:53:57.791, 0, 5 %, 0 %, 44984 MiB, 281.56 W
2026/08/27 12:53:57.791, 1, 0 %, 0 %, 43976 MiB, 291.26 W
2026/08/27 12:54:12.794, 0, 5 %, 0 %, 44984 MiB, 281.56 W
2026/08/27 12:54:12.892, 1, 0 %, 0 %, 43976 MiB, 291.26 W
2026/08/27 12:54:28.028, 0, 5 %, 0 %, 44984 MiB, 281.56 W
2026/08/27 12:54:28.029, 1, 0 %, 0 %, 43976 MiB, 291.26 W
2026/08/27 12:54:43.117, 0, 100 %, 27 %, 44984 MiB, 268.56 W
2026/08/27 12:54:43.117, 1, 100 %, 27 %, 43976 MiB, 276.69 W
2026/08/27 12:54:58.268, 0, 100 %, 24 %, 44984 MiB, 277.87 W
2026/08/27 12:54:58.268, 1, 100 %, 27 %, 43976 MiB, 279.71 W
2026/08/27 12:55:13.365, 0, 100 %, 26 %, 44984 MiB, 275.96 W
2026/08/27 12:55:13.373, 1, 100 %, 27 %, 43976 MiB, 277.37 W
2026/08/27 12:55:28.379, 0, 100 %, 27 %, 44984 MiB, 272.48 W
2026/08/27 12:55:28.379, 1, 100 %, 27 %, 43976 MiB, 279.23 W
2026/08/27 12:55:43.383, 0, 100 %, 37 %, 44984 MiB, 276.76 W
2026/08/27 12:55:43.594, 1, 100 %, 25 %, 43976 MiB, 283.46 W
2026/08/27 12:55:58.836, 0, 100 %, 33 %, 44984 MiB, 275.46 W
2026/08/27 12:55:58.865, 1, 100 %, 26 %, 43976 MiB, 281.40 W
2026/08/27 12:56:13.870, 0, 100 %, 27 %, 44984 MiB, 275.32 W
2026/08/27 12:56:13.888, 1, 100 %, 27 %, 43976 MiB, 286.12 W
2026/08/27 12:56:29.102, 0, 100 %, 26 %, 44984 MiB, 270.24 W
2026/08/27 12:56:29.102, 1, 100 %, 35 %, 43976 MiB, 280.67 W
2026/08/27 12:56:44.106, 0, 100 %, 21 %, 44984 MiB, 268.17 W
2026/08/27 12:56:44.106, 1, 100 %, 25 %, 43976 MiB, 297.68 W
2026/08/27 12:56:59.317, 0, 100 %, 26 %, 44984 MiB, 265.78 W
2026/08/27 12:56:59.456, 1, 100 %, 23 %, 43976 MiB, 292.01 W
2026/08/27 12:57:14.664, 0, 29 %, 19 %, 44984 MiB, 283.40 W
2026/08/27 12:57:14.833, 1, 100 %, 25 %, 43976 MiB, 281.79 W
2026/08/27 12:57:30.043, 0, 100 %, 21 %, 44984 MiB, 284.83 W
2026/08/27 12:57:30.157, 1, 100 %, 27 %, 43976 MiB, 292.36 W
2026/08/27 12:57:45.420, 0, 100 %, 23 %, 44984 MiB, 286.83 W
2026/08/27 12:57:45.505, 1, 100 %, 27 %, 43976 MiB, 299.82 W
2026/08/27 12:58:00.712, 0, 100 %, 23 %, 44984 MiB, 265.61 W
2026/08/27 12:58:00.789, 1, 100 %, 100 %, 43976 MiB, 105.14 W
2026/08/27 12:58:15.907, 0, 100 %, 23 %, 44984 MiB, 265.61 W
2026/08/27 12:58:15.908, 1, 100 %, 100 %, 43976 MiB, 105.95 W
2026/08/27 12:58:30.972, 0, 100 %, 23 %, 44984 MiB, 265.61 W
2026/08/27 12:58:30.972, 1, 0 %, 0 %, 43976 MiB, 101.89 W
2026/08/27 12:58:46.093, 0, 100 %, 23 %, 44984 MiB, 265.61 W
2026/08/27 12:58:46.093, 1, 0 %, 0 %, 43976 MiB, 100.46 W
2026/08/27 12:59:01.097, 0, 100 %, 23 %, 44984 MiB, 265.61 W
2026/08/27 12:59:01.156, 1, 0 %, 0 %, 43976 MiB, 98.57 W
2026/08/27 12:59:16.280, 0, 100 %, 23 %, 44984 MiB, 265.61 W
2026/08/27 12:59:16.293, 1, 0 %, 0 %, 43976 MiB, 94.72 W
2026/08/27 12:59:31.293, 0, 100 %, 28 %, 44984 MiB, 267.28 W
2026/08/27 12:59:31.294, 1, 100 %, 26 %, 43976 MiB, 297.14 W
2026/08/27 12:59:46.300, 0, 100 %, 24 %, 44984 MiB, 271.71 W
2026/08/27 12:59:46.301, 1, 100 %, 26 %, 43976 MiB, 280.11 W
2026/08/27 13:00:01.361, 0, 100 %, 27 %, 44984 MiB, 280.47 W
2026/08/27 13:00:01.361, 1, 100 %, 26 %, 43976 MiB, 279.48 W
2026/08/27 13:00:16.385, 0, 100 %, 27 %, 44984 MiB, 287.93 W
2026/08/27 13:00:16.627, 1, 100 %, 27 %, 43976 MiB, 279.77 W
2026/08/27 13:00:31.846, 0, 100 %, 26 %, 44984 MiB, 288.15 W
2026/08/27 13:00:32.023, 1, 100 %, 26 %, 43976 MiB, 280.64 W
2026/08/27 13:00:47.273, 0, 99 %, 24 %, 44984 MiB, 292.52 W
2026/08/27 13:00:47.278, 1, 100 %, 26 %, 43976 MiB, 280.74 W
2026/08/27 13:01:02.284, 0, 100 %, 21 %, 44984 MiB, 278.02 W
2026/08/27 13:01:02.296, 1, 100 %, 25 %, 43976 MiB, 280.61 W
2026/08/27 13:01:17.506, 0, 100 %, 26 %, 44984 MiB, 284.59 W
2026/08/27 13:01:17.644, 1, 100 %, 39 %, 43976 MiB, 298.14 W
2026/08/27 13:01:32.886, 0, 100 %, 18 %, 44984 MiB, 266.98 W
2026/08/27 13:01:33.051, 1, 100 %, 26 %, 43976 MiB, 280.05 W
2026/08/27 13:01:48.308, 0, 100 %, 26 %, 44984 MiB, 274.34 W
2026/08/27 13:01:48.308, 1, 100 %, 37 %, 43976 MiB, 281.80 W
2026/08/27 13:02:03.314, 0, 100 %, 36 %, 44984 MiB, 275.41 W
2026/08/27 13:02:03.486, 1, 100 %, 77 %, 43976 MiB, 278.34 W
2026/08/27 13:02:18.721, 0, 92 %, 20 %, 44984 MiB, 283.28 W
2026/08/27 13:02:18.931, 1, 69 %, 14 %, 43976 MiB, 298.83 W
2026/08/27 13:02:34.182, 0, 100 %, 27 %, 44984 MiB, 265.53 W
2026/08/27 13:02:34.182, 1, 100 %, 23 %, 43976 MiB, 275.56 W
2026/08/27 13:02:49.294, 0, 0 %, 0 %, 44984 MiB, 100.28 W
2026/08/27 13:02:49.344, 1, 100 %, 26 %, 43976 MiB, 298.56 W
2026/08/27 13:03:04.461, 0, 0 %, 0 %, 44984 MiB, 98.91 W
2026/08/27 13:03:04.461, 1, 100 %, 26 %, 43976 MiB, 298.56 W
2026/08/27 13:03:19.558, 0, 0 %, 0 %, 44984 MiB, 95.24 W
2026/08/27 13:03:19.559, 1, 100 %, 26 %, 43976 MiB, 298.56 W
2026/08/27 13:03:34.668, 0, 0 %, 0 %, 44984 MiB, 93.14 W
2026/08/27 13:03:34.668, 1, 100 %, 26 %, 43976 MiB, 298.56 W
2026/08/27 13:03:49.674, 0, 0 %, 0 %, 44984 MiB, 75.65 W
2026/08/27 13:03:49.688, 1, 100 %, 26 %, 43976 MiB, 298.56 W
2026/08/27 13:04:04.810, 0, 0 %, 0 %, 44984 MiB, 87.47 W
2026/08/27 13:04:04.826, 1, 100 %, 26 %, 43976 MiB, 298.56 W
2026/08/27 13:04:19.946, 0, 100 %, 28 %, 44984 MiB, 266.93 W
2026/08/27 13:04:19.946, 1, 100 %, 28 %, 43976 MiB, 274.81 W
2026/08/27 13:04:35.013, 0, 100 %, 27 %, 44984 MiB, 269.27 W
2026/08/27 13:04:35.013, 1, 100 %, 28 %, 43976 MiB, 296.77 W
2026/08/27 13:04:50.240, 0, 100 %, 25 %, 44984 MiB, 288.28 W
2026/08/27 13:04:50.240, 1, 100 %, 24 %, 43976 MiB, 297.45 W
2026/08/27 13:05:05.258, 0, 100 %, 27 %, 44984 MiB, 288.97 W
2026/08/27 13:05:05.258, 1, 100 %, 25 %, 43976 MiB, 292.48 W
2026/08/27 13:05:20.258, 0, 100 %, 26 %, 44984 MiB, 269.18 W
2026/08/27 13:05:20.258, 1, 100 %, 63 %, 43976 MiB, 297.47 W
2026/08/27 13:05:35.260, 0, 100 %, 26 %, 44984 MiB, 265.64 W
2026/08/27 13:05:35.434, 1, 100 %, 47 %, 43976 MiB, 295.77 W
2026/08/27 13:05:50.644, 0, 100 %, 22 %, 44984 MiB, 285.97 W
2026/08/27 13:05:50.738, 1, 100 %, 24 %, 43976 MiB, 296.89 W
2026/08/27 13:06:05.980, 0, 100 %, 23 %, 44984 MiB, 285.63 W
2026/08/27 13:06:06.128, 1, 100 %, 23 %, 43976 MiB, 297.31 W
2026/08/27 13:06:21.381, 0, 100 %, 32 %, 44984 MiB, 277.99 W
2026/08/27 13:06:21.574, 1, 100 %, 23 %, 43976 MiB, 299.38 W
2026/08/27 13:06:36.781, 0, 100 %, 60 %, 44984 MiB, 267.89 W
2026/08/27 13:06:36.785, 1, 100 %, 26 %, 43976 MiB, 281.78 W
2026/08/27 13:06:51.790, 0, 100 %, 26 %, 44984 MiB, 282.20 W
2026/08/27 13:06:51.915, 1, 80 %, 18 %, 43976 MiB, 291.92 W
2026/08/27 13:07:07.146, 0, 100 %, 25 %, 44984 MiB, 275.52 W
2026/08/27 13:07:07.307, 1, 100 %, 26 %, 43976 MiB, 282.64 W
2026/08/27 13:07:22.516, 0, 100 %, 25 %, 44984 MiB, 270.15 W
2026/08/27 13:07:22.516, 1, 100 %, 37 %, 43976 MiB, 284.63 W
2026/08/27 13:07:37.516, 0, 100 %, 26 %, 44984 MiB, 105.27 W
2026/08/27 13:07:37.538, 1, 0 %, 0 %, 43976 MiB, 88.13 W
2026/08/27 13:07:52.660, 0, 100 %, 26 %, 44984 MiB, 96.49 W
2026/08/27 13:07:52.660, 1, 0 %, 0 %, 43976 MiB, 104.61 W
2026/08/27 13:08:07.705, 0, 100 %, 26 %, 44984 MiB, 92.61 W
2026/08/27 13:08:07.709, 1, 0 %, 0 %, 43976 MiB, 78.68 W
2026/08/27 13:08:22.830, 0, 100 %, 26 %, 44984 MiB, 92.98 W
2026/08/27 13:08:22.831, 1, 0 %, 0 %, 43976 MiB, 84.88 W
2026/08/27 13:08:37.834, 0, 0 %, 0 %, 44984 MiB, 80.77 W
2026/08/27 13:08:37.958, 1, 0 %, 0 %, 43976 MiB, 86.18 W
2026/08/27 13:08:53.102, 0, 0 %, 0 %, 44984 MiB, 88.71 W
2026/08/27 13:08:53.102, 1, 0 %, 0 %, 43976 MiB, 84.90 W
2026/08/27 13:09:08.150, 0, 0 %, 0 %, 1017 MiB, 99.14 W
2026/08/27 13:09:08.150, 1, 0 %, 0 %, 9 MiB, 88.78 W
