1787607621.461626945,0, 0, 1017
1787607621.461626945,1, 0, 9
1787607626.500016557,0, 0, 1017
1787607626.500016557,1, 0, 9
1787607631.542612542,0, 0, 1017
1787607631.542612542,1, 0, 9
1787607636.578417776,0, 0, 1017
1787607636.578417776,1, 0, 9
1787607641.618048571,0, 0, 1017
1787607641.618048571,1, 0, 9
1787607646.654179354,0, 0, 1017
1787607646.654179354,1, 0, 9
1787607651.693612844,0, 0, 1017
1787607651.693612844,1, 0, 9
1787607656.730691019,0, 0, 1017
1787607656.730691019,1, 0, 9
1787607661.768972110,0, 0, 44646
1787607661.768972110,1, 0, 440
1787607666.803544966,0, 0, 44646
1787607666.803544966,1, 0, 440
1787607671.838906686,0, 0, 44646
1787607671.838906686,1, 0, 440
1787607676.875256740,0, 0, 44646
1787607676.875256740,1, 0, 440
1787607681.914651272,0, 0, 44646
1787607681.914651272,1, 0, 440
1787607686.950239423,0, 0, 44646
1787607686.950239423,1, 0, 440
1787607691.992361609,0, 0, 44646
1787607691.992361609,1, 0, 440
1787607697.029763281,0, 0, 44646
1787607697.029763281,1, 0, 440
1787607702.070052797,0, 0, 44646
1787607702.070052797,1, 0, 440
1787607707.106373508,0, 0, 44646
1787607707.106373508,1, 0, 440
1787607712.143160689,0, 0, 44646
1787607712.143160689,1, 0, 440
1787607717.180146157,0, 0, 44646
1787607717.180146157,1, 0, 440
1787607722.217054941,0, 0, 44646
1787607722.217054941,1, 0, 440
1787607727.257211278,0, 0, 44646
1787607727.257211278,1, 0, 440
1787607732.293910738,0, 0, 44646
1787607732.293910738,1, 0, 440
1787607737.420508407,0, 0, 44646
1787607737.420508407,1, 0, 440
1787607742.455862388,0, 0, 44646
1787607742.455862388,1, 0, 440
1787607747.644449347,0, 0, 44646
1787607747.644449347,1, 0, 440
1787607752.861555310,0, 0, 44646
1787607752.861555310,1, 0, 440
1787607758.039066139,0, 0, 44646
1787607758.039066139,1, 0, 440
1787607763.199678761,0, 0, 44646
1787607763.199678761,1, 0, 440
1787607768.239896161,0, 0, 44646
1787607768.239896161,1, 0, 440
1787607773.450533028,0, 0, 44646
1787607773.450533028,1, 0, 440
1787607778.759169601,0, 0, 44646
1787607778.759169601,1, 0, 440
1787607784.037744394,0, 0, 44646
1787607784.037744394,1, 0, 440
1787607789.237491991,0, 0, 44646
1787607789.237491991,1, 0, 440
1787607794.461681796,0, 0, 44646
1787607794.461681796,1, 0, 440
1787607799.504042354,0, 0, 44646
1787607799.504042354,1, 0, 43634
1787607804.545504543,0, 0, 44886
1787607804.545504543,1, 0, 43874
1787607809.829195254,0, 0, 44886
1787607809.829195254,1, 0, 43874
1787607814.969379764,0, 82, 44894
1787607814.969379764,1, 97, 43882
1787607820.008360651,0, 0, 44896
1787607820.008360651,1, 0, 43882
1787607825.157689253,0, 0, 44896
1787607825.157689253,1, 0, 43882
1787607830.211954776,0, 0, 44896
1787607830.211954776,1, 0, 43882
1787607835.258150550,0, 98, 44926
1787607835.258150550,1, 0, 43882
1787607840.295517275,0, 0, 44926
1787607840.295517275,1, 0, 43882
1787607845.331423790,0, 0, 44926
1787607845.331423790,1, 0, 43882
1787607850.506424786,0, 0, 44926
1787607850.506424786,1, 0, 43882
1787607855.740832906,0, 0, 44926
1787607855.740832906,1, 0, 43882
1787607860.948467732,0, 0, 44926
1787607860.948467732,1, 0, 43882
1787607865.984977943,0, 0, 44926
1787607865.984977943,1, 0, 43882
1787607871.210419910,0, 0, 44926
1787607871.210419910,1, 0, 43882
1787607876.513418747,0, 100, 45010
1787607876.513418747,1, 100, 43988
1787607881.949268096,0, 0, 45010
1787607881.949268096,1, 0, 43988
1787607887.149928757,0, 0, 45010
1787607887.149928757,1, 0, 43988
1787607892.187541694,0, 0, 45010
1787607892.187541694,1, 0, 43988
1787607897.223458216,0, 0, 45010
1787607897.223458216,1, 0, 43988
1787607902.411861835,0, 0, 45010
1787607902.411861835,1, 0, 43988
1787607907.451583026,0, 0, 45010
1787607907.451583026,1, 0, 43988
1787607912.587434879,0, 0, 45010
1787607912.587434879,1, 0, 43988
1787607917.761282777,0, 100, 45010
1787607917.761282777,1, 100, 43990
1787607922.887837028,0, 100, 45018
1787607922.887837028,1, 100, 44000
1787607928.220154531,0, 100, 45018
1787607928.220154531,1, 100, 44000
1787607933.331757758,0, 0, 45018
1787607933.331757758,1, 0, 44000
1787607938.455499599,0, 100, 45018
1787607938.455499599,1, 100, 44000
1787607943.591096890,0, 100, 45018
1787607943.591096890,1, 100, 44000
1787607948.754104223,0, 100, 45018
1787607948.754104223,1, 100, 44000
1787607954.275076608,0, 100, 45018
1787607954.275076608,1, 100, 44000
1787607959.601976653,0, 43, 45018
1787607959.601976653,1, 6, 44000
1787607965.260952933,0, 100, 45018
1787607965.260952933,1, 100, 44000
1787607970.456332483,0, 100, 45018
1787607970.456332483,1, 100, 44000
1787607975.568396232,0, 76, 45018
1787607975.568396232,1, 38, 44000
1787607980.663326251,0, 98, 45018
1787607980.663326251,1, 60, 44000
1787607985.740466254,0, 100, 45018
1787607985.740466254,1, 99, 44000
1787607990.839211829,0, 0, 45018
1787607990.839211829,1, 0, 44000
1787607996.203686439,0, 100, 45018
1787607996.203686439,1, 100, 44000
1787608001.241905139,0, 0, 45018
1787608001.241905139,1, 0, 44000
1787608006.716378251,0, 100, 45018
1787608006.716378251,1, 100, 44000
1787608011.816201814,0, 20, 45018
1787608011.816201814,1, 0, 44000
1787608016.873144761,0, 99, 45018
1787608016.873144761,1, 100, 44000
1787608022.241252925,0, 0, 45018
1787608022.241252925,1, 0, 44000
1787608027.275818024,0, 1, 45018
1787608027.275818024,1, 0, 44000
1787608032.314973280,0, 0, 45018
1787608032.314973280,1, 0, 44000
1787608037.354122057,0, 0, 45018
1787608037.354122057,1, 0, 44000
1787608042.393585567,0, 100, 45018
1787608042.393585567,1, 100, 44000
1787608047.493125025,0, 100, 45018
1787608047.493125025,1, 100, 44000
1787608052.736633088,0, 0, 45018
1787608052.736633088,1, 0, 44000
1787608057.848887276,0, 100, 45018
1787608057.848887276,1, 100, 44000
1787608062.997421785,0, 100, 45018
1787608062.997421785,1, 100, 44000
1787608068.192824123,0, 100, 45018
1787608068.192824123,1, 100, 44000
1787608073.444970520,0, 100, 45018
1787608073.444970520,1, 100, 44000
1787608078.820136186,0, 100, 45018
1787608078.820136186,1, 100, 44000
1787608084.053545667,0, 37, 45018
1787608084.053545667,1, 74, 44000
1787608089.176090157,0, 100, 45018
1787608089.176090157,1, 100, 44000
1787608094.325827502,0, 10, 45018
1787608094.325827502,1, 5, 44000
1787608099.594563454,0, 0, 45018
1787608099.594563454,1, 0, 44000
1787608104.875074976,0, 0, 45018
1787608104.875074976,1, 0, 44000
1787608110.137986758,0, 0, 45018
1787608110.137986758,1, 0, 44000
1787608115.309658248,0, 0, 45018
1787608115.309658248,1, 0, 44000
1787608120.561437906,0, 0, 45018
1787608120.561437906,1, 0, 44000
1787608125.604087379,0, 0, 45018
1787608125.604087379,1, 0, 44000
1787608130.649250424,0, 0, 45018
1787608130.649250424,1, 0, 44000
1787608135.687301378,0, 0, 45018
1787608135.687301378,1, 0, 44000
1787608140.791730847,0, 0, 45018
1787608140.791730847,1, 0, 44000
1787608145.827880938,0, 0, 1822
1787608145.827880938,1, 0, 802
