1787975038,15851903,115819000
1787975053,81041516,462280113
1787975068,200672555,751996265
1787975083,376460102,798822759
1787975098,553498903,799090714
1787975113,730589467,799090714
1787975128,917215691,799090714
1787975143,1106364789,799090714
1787975158,1295596093,799090714
1787975173,1484719291,799090714
1787975188,1675982937,799090714
1787975203,8475763849,12399751956
1787975218,17154175671,15828058106
1787975233,17154523785,15830867916
1787975248,17154924089,15836848444
1787975263,17155568673,15837086012
1787975278,17155865749,15871718220
1787975293,17155869077,15921916388
1787975308,17155869077,15922387428
1787975323,17155869865,15923403236
1787975338,17155869865,15923673572
1787975353,17775196059,16470719910
1787975368,18245605520,16885096091
1787975383,18708018957,17284726040
1787975398,19170300910,17669151225
1787975413,19639597206,18060000929
1787975428,20229338901,18538659104
1787975443,20700472609,18919095052
1787975458,21083047677,19218963688
1787975473,21653175986,19666343069
1787975488,22122994862,20026192537
1787975503,22586851648,20377130795
1787975518,23057524009,20738620180
1787975533,23523280105,21072976596
1787975548,24150077609,21533968020
1787975563,24619569335,21870552738
1787975578,25083095535,22185902042
1787975593,25550489871,22509145850
1787975608,26016376996,22829018767
1787975623,26485933497,23134604196
1787975638,26953393639,23445171154
1787975653,27420526450,23756852573
1787975669,28047060635,24164430982
1787975684,28483228662,24434530785
1787975699,28979817459,24761184734
1787975714,29444000762,25046389221
1787975729,29911198972,25341686503
1787975744,30379183930,25632068901
1787975759,30846644850,25919633501
1787975774,31425235725,26252923128
1787975789,31897809857,26518927788
1787975804,32255522765,26729708984
1787975819,32714322094,26993260185
1787975834,33328274730,27342626817
1787975849,33799339967,27607581334
1787975864,34266733448,27864997471
1787975879,34739436058,28112911601
1787975894,35312640549,28414600444
1787975909,35769217026,28658709209
1787975924,36288177066,28929615489
1787975939,36753538356,29166845963
1787975954,37218573594,29404995569
1787975969,37685180685,29644061668
1787975984,38150150762,29893483841
1787975999,38611646094,30125734245
1787976014,39204666911,30426398966
1787976029,39543486086,30581651805
1787976044,40159469518,30879392421
1787976059,40623718656,31097816023
1787976074,41090653115,31311388306
1787976089,41554703569,31523256232
1787976104,42016853352,31741546559
1787976119,42485165067,31968751330
1787976134,43036790419,32233986776
1787976149,43419101591,32404548718
1787976164,44043734412,32690688099
1787976179,44499725479,32899084158
1787976194,44970396519,33107349054
1787976209,45435169920,33311878999
1787976224,45902301688,33513655503
1787976239,46433197696,33745576279
1787976254,46881301127,33938351454
1787976269,47461789776,34197386023
1787976284,47926890251,34409386466
1787976299,48235209492,34535843307
1787976314,48853158656,34794589655
1787976329,49317865612,34983455587
1787976344,49776608766,35174615253
1787976359,50246689369,35370100016
1787976374,50712706204,35551494003
1787976389,51278633540,35777486107
1787976404,51775807073,35982893368
1787976419,52127542978,36121047449
1787976434,52734476267,36357046978
1787976449,53208294085,36550043036
1787976464,53678178170,36720624209
1787976479,54143737283,36898611354
1787976494,54614146142,37084790581
1787976509,55190314778,37308441073
1787976524,55652591156,37488060683
1787976539,56163740846,37679460229
1787976554,56630611034,37848338225
1787976569,57093680422,38022393853
1787976584,57557928759,38195990030
1787976599,58020014137,38361787152
1787976614,58486424900,38531647515
1787976629,59083508080,38748490823
1787976644,59426062550,38871827373
1787976659,60049385855,39085812822
1787976674,60515666863,39255346822
1787976689,60983257253,39407119228
1787976704,61448291803,39566297266
1787976719,61912213013,39722264812
1787976734,62381180308,39884327019
1787976749,62851392537,40044947184
1787976764,63318785116,40201502515
1787976780,63780739559,40349801662
1787976795,64402687355,40563787858
1787976810,64866541995,40716870786
1787976826,65336163318,40864382669
1787976842,65807687266,41020088633
1787976857,66437957473,41227913784
1787976872,66904696045,41379751876
1787976887,67365601282,41534341849
1787976902,67833650558,41685786709
1787976917,68295867595,41839001506
1787976932,68760312916,41990446891
1787976947,69233148234,42143597601
1787976962,69816719712,42324253751
1787976977,70317967946,42483731745
1787976992,70783396327,42631376062
1787977007,71244040193,42778102488
1787977022,71703766140,42925090643
1787977037,72178436102,43077782237
1787977052,72646223290,43216054417
1787977067,73115714899,43361339434
1787977082,73735565358,43558220549
1787977097,74195093667,43700816762
1787977112,74651795707,43836394752
1787977127,75131521289,43983195104
1787977142,75602781836,44117272931
1787977157,76065589261,44261444324
1787977172,76535931739,44392441394
1787977187,77008176346,44530255793
1787977202,77626256357,44713111228
1787977217,78095878454,44848368653
1787977232,78561764757,44982380652
1787977247,79024570928,45111149831
1787977262,79338133212,45205756339
1787977277,79960931992,45381992815
1787977292,80425638937,45516791536
1787977307,80894017741,45645890468
1787977322,81353677627,45770464786
1787977337,81821465799,45900152734
1787977352,82453375668,46080322955
1787977367,82918803703,46208306126
1787977382,83386591423,46339304342
1787977397,83850840605,46468795636
1787977412,84319807168,46598351255
1787977427,84786612175,46728628902
1787977442,85249616142,46855171045
1787977457,85713011537,46975813160
1787977472,86338628343,47144644046
1787977487,86805892276,47275184011
1787977502,87274531939,47400677178
1787977517,87738583276,47529249731
1787977532,88194311690,47654152417
1787977547,88666424922,47782660401
1787977562,89128314354,47906253001
1787977577,89595970890,48034957345
1787977592,90218113731,48195071386
1787977607,90665960591,48309471078
1787977622,91154148794,48429281425
1787977637,91621411631,48550055430
1787977652,92089656553,48671614912
1787977667,92559017913,48792521360
1787977682,93029885913,48920636080
1787977697,93597129480,49071660511
1787977712,94044054934,49190447213
1787977727,94429774589,49288267220
1787977742,94905295764,49412712043
1787977757,95531830462,49568960405
1787977772,95995554868,49684557579
1787977787,96467536891,49806380754
1787977802,96931326856,49922895455
1787977817,97462755432,50056520511
1787977832,97944452874,50179932641
1787977847,98479604585,50311775808
1787977862,98952504544,50427832247
1787977877,99416424535,50546180910
1787977892,99883555560,50657516991
1787977907,100350884738,50769051225
1787977922,100822867914,50884649633
1787977937,101366884471,51017229428
1787977952,101741794981,51111577980
1787977967,102356924468,51264613131
1787977982,102826611785,51382699808
1787977997,103298264949,51498426956
1787978012,103765134315,51610615490
1787978027,104223484403,51719855306
1787978042,104692647420,51827521747
1787978057,105155256081,51936956904
1787978072,105629401073,52049736392
1787978087,106249578314,52193139233
1787978102,106717170566,52305591901
1787978117,107184369135,52421648582
1787978132,107653140034,52530692377
1787978147,108121190657,52643800024
1787978162,108592451330,52754285017
1787978177,109057945024,52862476439
1787978192,109578409877,52985989740
1787978207,110144731850,53121744289
1787978222,110454754654,53195640885
1787978237,111072964535,53341336206
1787978252,111530724917,53451297036
1787978267,112001658279,53560602750
1787978282,112469707557,53667810812
1787978297,112931923422,53772921013
1787978312,113401283267,53877048730
1787978327,113867431176,53986156511
1787978342,114328338370,54089826969
1787978357,114953040214,54231921709
1787978372,115422139188,54340900363
1787978387,115890777161,54444044064
1787978402,116352731243,54548826946
1787978417,116819472008,54657479007
1787978433,117292961685,54763442796
1787978448,117747771523,54865668954
1787978463,118341773938,54998232393
1787978478,118841305829,55112084924
1787978493,119296706125,55216146724
1787978508,119767179787,55320601826
1787978523,120234573556,55423484363
1787978538,120700395638,55529841485
1787978553,121163987783,55634034206
1787978568,121628956609,55735540376
1787978583,122250575000,55875927919
1787978598,122722098053,55979138652
1787978613,123134259882,56070043009
1787978628,123651447847,56186216190
1787978643,124114187655,56288311390
1787978658,124576797650,56391128745
1787978673,125041504540,56493749235
1787978688,125503130618,56596434641
1787978703,125972883900,56698006675
1787978718,126586835826,56830596681
1787978733,127055345108,56931842219
1787978748,127525098940,57032038547
1787978763,127989806560,57138067639
1787978778,128456807066,57238263153
1787978793,128919613180,57336820179
1787978808,129421509508,57449563739
1787978823,130005282944,57577141079
1787978838,130473006062,57677862597
1787978853,130937122556,57778581971
1787978868,131407728077,57877139620
1787978883,131866995469,57975041508
1787978898,132330195135,58075564950
1787978913,132794509736,58175958143
1787978928,133413509756,58310909267
1787978943,133879921571,58412088954
1787978958,134290902427,58501353586
1787978973,134817333428,58614580107
1787978988,135278107925,58714578924
1787979003,135740718908,58812875283
1787979018,136196053160,58908941183
1787979033,136664431084,59006778563
1787979048,137291293575,59137599070
1787979063,137756720330,59231698849
1787979078,138225163274,59329273569
1787979093,138687904447,59427175830
1787979108,139148679213,59524356868
1787979123,139608864396,59626060131
1787979138,140077044828,59720423219
1787979153,140546536518,59820095261
1787979168,141163437579,59947639010
1787979183,141475164375,60012032942
1787979198,142103731196,60139970259
1787979213,142573748684,60242920611
1787979228,143036096512,60338528983
1787979243,143510110724,60437873883
1787979258,143968328930,60533809081
1787979273,144438475256,60630203599
1787979288,144898855844,60721092219
1787979303,145365530674,60819782409
1787979318,145982759598,60947195269
1787979333,146454872418,61042410553
1787979349,146926985531,61140116498
1787979364,147395036322,61237233529
1787979379,147858824596,61329891435
1787979394,148389392404,61439914731
1787979409,148860000702,61533101205
1787979424,149407563830,61643604749
1787979439,149874104956,61735148883
1787979454,150346151603,61831346570
1787979469,150809022516,61925249803
1787979484,151269338507,62019678306
1787979499,151734701961,62114959968
1787979514,152327850255,62228974566
1787979529,152675914790,62296151805
1787979544,153292095359,62422385238
1787979559,153756146242,62517599513
1787979574,154231404581,62609144572
1787979589,154698339708,62702393427
1787979604,155162917070,62797020069
1787979619,155707648348,62905740339
1787979634,156159038014,62994783781
1787979649,156615867480,63083757359
1787979664,157044160490,63168969409
1787979679,157667614286,63291990309
1787979694,158132388055,63387206574
1787979709,158592770768,63480456615
1787979724,159057151041,63574951704
1787979739,159681523356,63698563443
1787979755,160152784797,63792206452
1787979770,160619719991,63883489294
1787979785,161084164600,63972674767
1787979800,161557784975,64063827046
1787979815,162023540785,64157862664
1787979830,162481759271,64250586878
1787979845,162943057354,64342851745
1787979860,163563628780,64467577795
1787979875,163987404460,64550041987
1787979890,164488457006,64650538501
1787979905,164951264546,64743591929
1787979920,165418003084,64835530083
1787979935,165886184197,64928714204
1787979950,166357116072,65019602815
1787979965,166987517976,65140265711
1787979980,167453143357,65230173204
1787979995,167880987160,65312511215
1787980010,168379869806,65410510149
1787980025,168836187124,65496942283
1787980040,169303712270,65586390245
1787980055,169770647701,65676821356
1787980070,170237647674,65766792721
1787980085,170852974509,65882735236
1787980100,171318730940,65971594131
1787980115,171789663595,66062352450
1787980130,172256664067,66150816986
1787980145,172569177307,66214555570
1787980160,173193745364,66335741611
1787980175,173660353401,66426893904
1787980190,174121979150,66514374629
1787980205,174606230465,66606786200
1787980220,175061289984,66692615895
1787980235,175676159157,66812098444
1787980250,176146895585,66900825528
1787980265,176618090401,66991780472
1787980280,177083846974,67079853077
1787980295,177553994084,67168842811
1787980310,178025254927,67257504486
1787980325,178497039421,67345706772
1787980340,178961091316,67433844171
1787980355,179580481323,67551949314
1787980370,180042369823,67641789942
1787980385,180506029275,67730255794
1787980400,180973292147,67821407562
1787980415,181432691395,67911576986
1787980430,181901657930,67995912737
1787980445,182371738897,68082477032
1787980460,182955697464,68191430671
1787980475,183466914446,68288460133
1787980490,183933130006,68374566893
1787980505,184394362386,68461064425
1787980520,184850613952,68551297431
1787980535,185315059670,68642056877
1787980550,185782125982,68731701365
1787980565,186247749756,68818199379
1787980580,186873302592,68940566807
1787980595,187344236387,69029884474
1787980610,187814776679,69116121662
1787980625,188125127694,69176059621
1787980640,188746615595,69292068354
1787980655,189213420237,69380140452
1787980670,189681994621,69466050132
1787980685,190146570479,69552614342
1787980700,190765044561,69668754984
1787980715,191222213935,69756170246
1787980730,191681283824,69843978695
1787980745,192140617552,69932444199
1787980760,192600343185,70018090344
1787980775,193071014131,70105310154
1787980790,193537490922,70193316545
1787980805,194013733008,70279422823
1787980821,194631813202,70394514217
1787980836,195098289832,70481734015
1787980851,195568632842,70569740001
1787980866,196030193254,70654796093
1787980881,196496211240,70740377599
1787980896,196966621415,70827205566
1787980911,197434540155,70913573714
1787980926,198057339058,71030238089
1787980941,198520144992,71117719351
1787980956,198831875269,71176087452
1787980971,199453821268,71289146411
1787980986,199927313251,71376959034
1787981001,200386056152,71466537647
1787981016,200859019968,71553297815
1787981031,201324120138,71638027041
1787981046,201938594334,71754820853
1787981061,202401728866,71845383225
1787981076,202868991029,71931684620
1787981091,203337958486,72020477741
1787981106,203651455203,72076417978
1787981121,204263702248,72190919103
1787981136,204730637486,72274861957
1787981151,205183090402,72362475961
1787981166,205663278187,72450365250
1787981181,206111324122,72531737265
1787981196,206733664143,72645648998
1787981211,207200861824,72730902871
1787981226,207667601118,72818123189
1787981241,208131653060,72901869723
1787981256,208600555648,72989680471
1787981271,209065720626,73076047369
1787981286,209525709912,73160056623
1787981301,209997036936,73244065887
1787981316,210617344958,73359353493
1787981331,211086771752,73446246655
1787981346,211551611242,73530977345
1787981361,212018546962,73616624617
1787981376,212492430216,73702272607
1787981391,212963167999,73786872278
1787981406,213428858232,73871274063
1787981421,213967040826,73970037777
1787981436,214513809748,74069064747
1787981451,214972879540,74151433611
1787981466,215435621344,74239440567
1787981481,215906948073,74324498112
1787981496,216370933634,74409292377
1787981511,216839769948,74495463987
1787981526,217308606687,74581832630
1787981541,217942154090,74697449025
1787981556,218406467730,74782833513
1787981571,218857992528,74866701351
1787981586,219178248617,74926451840
1787981601,219800588837,75041215740
1787981616,220272766222,75124895717
1787981631,220743043435,75209821250
1787981646,221212207561,75296386208
1787981661,221832778924,75408201603
1787981676,222296045798,75493915581
1787981691,222759442362,75578972817
1787981706,223226836153,75662915472
1787981721,223691740343,75747186574
1787981736,224159265177,75831587952
1787981751,224626724941,75915924260
1787981766,225082846924,75999670691
1787981781,225688081529,76112467792
1787981796,226108771984,76187980135
1787981811,226616840791,76280485166
1787981826,227085283097,76365017584
1787981841,227553006449,76450207304
1787981856,228017450672,76534477191
1787981871,228476455988,76617043723
1787981886,229013385977,76712916432
1787981901,229488193326,76798571013
1787981916,229879425599,76866448662
1787981931,230491870763,76981213442
1787981946,230965228516,77066860219
1787981961,231434260716,77149950915
1787981976,231900803606,77233894637
1787981991,232364134614,77316264877
1787982006,232881393454,77410488837
1787982021,233357050592,77496731063
1787982036,233908351637,77595833708
1787982051,234372797060,77679187291
1787982066,234686753411,77733162330
1787982081,235314925236,77843141003
1787982096,235780287881,77928001632
1787982111,236244994398,78008994869
1787982126,236708587139,78092544346
1787982141,237169623856,78175831559
1787982156,237643591533,78263202372
1787982171,238189313077,78360002316
1787982186,238552406059,78425561858
1787982201,239173763426,78536459321
1787982216,239643517620,78618764683
1787982231,240108488360,78702119295
1787982246,240571492656,78785670151
1787982261,241041574270,78869417045
1787982276,241631832612,78973857019
1787982291,242119364366,79061225957
1787982306,242608010292,79147611915
1787982322,243076387264,79232537751
1787982337,243533295150,79316283653
1787982352,243998198052,79398980603
1787982367,244467164580,79481153659
1787982382,244930166404,79565357403
1787982397,245543657301,79674155564
1787982412,245938432346,79744592945
1787982427,246479297293,79840730596
1787982442,246944003407,79923361830
1787982457,247418541739,80009795970
1787982472,247884035110,80092886781
1787982487,248353985194,80175388033
1787982502,248936312176,80279498823
1787982517,249350437230,80353098821
1787982532,249764297784,80426630927
1787982547,250223890015,80510308662
1787982562,250846230844,80619174931
1787982577,251308644312,80702266031
1787982592,251782395302,80785225853
1787982607,252249198659,80867070746
1787982622,252850606442,80970863681
1787982637,253326863444,81056526123
1787982652,253803835527,81140151134
1787982667,254270639370,81222062049
1787982682,254733708381,81305481012
1787982697,255197367137,81389686328
1787982712,255657551844,81471859387
1787982727,256118981927,81555081214
1787982742,256735030991,81663816102
1787982757,257066173643,81720559522
1787982772,257668837011,81825542506
1787982787,258140688942,81909159173
1787982802,258611490554,81991659985
1787982817,259079933723,82074882546
1787982832,259551785939,82157975210
1787982847,260074869962,82248980385
1787982862,260546924774,82334241725
1787982877,260951478489,82405217200
1787982892,261569166301,82515132084
1787982907,262027451304,82596585087
1787982922,262497532686,82680266213
1787982937,262961913008,82762506119
1787982952,263430553102,82845270245
1787982967,264005204885,82947145324
1787982982,264488409837,83031301572
1787982997,264982309931,83118747394
1787983012,265447803393,83199937752
1787983027,265762612001,83253913080
1787983042,266370139347,83362973610
1787983057,266833011571,83445671498
1787983072,267296145754,83527713841
1787983087,267762164245,83609953516
1787983102,268225233541,83694093660
1787983117,268836880950,83801244941
1787983132,269306315002,83885786065
1787983147,269682332223,83953194262
1787983162,270231273513,84050330368
1787983177,270697552651,84130930146
1787983192,271161079208,84211595391
1787983207,271621395749,84291213308
1787983223,272081514525,84374041332
1787983238,272708639454,84484218293
1787983253,273170069730,84564884409
1787983268,273639561582,84648303685
1787983283,274111871480,84731657423
1787983298,274572516472,84814683983
1787983313,275048235278,84896138213
1787983328,275515367382,84978115245
1787983343,275984400496,85059896135
1787983358,276599005552,85168563271
1787983373,277023364180,85243746091
1787983388,277536415082,85333565505
1787983403,278003677788,85414559027
1787983418,278474743881,85497586464
1787983433,278940499754,85578318337
1787983448,279412286539,85660428066
1787983463,279977036054,85757840365
1787983478,280343867343,85822026406
1787983495,280961287788,85930101059
1787983510,281429600154,86011816561
1787983525,281895880556,86093138499
1787983540,282518352659,86203839978
1787983555,282984239143,86285095678
1787983570,283392856671,86356596022
1787983585,283915291870,86449639349
1787983600,284384194262,86531617197
1787983615,284846412105,86613726240
1787983630,285309415533,86695375684
1787983645,285766388094,86776171605
1787983660,286390430994,86884118505
1787983675,286856841813,86965898540
1787983690,287326464124,87047809875
1787983705,287798182755,87128868410
1787983720,288258367713,87209796536
1787983736,288743149416,87294349887
1787983751,289252590751,87382329206
1787983766,289805401678,87480779045
1787983781,290277317129,87561641184
1787983796,290746744065,87645126616
1787983811,291212303872,87725727959
1787983826,291680091151,87807901414
1787983841,292143815227,87890074898
1787983856,292761895903,87997892278
1787983871,293168149981,88069126324
1787983886,293702846604,88162499427
1787983901,294163753215,88244935638
1787983917,294627214336,88324945623
1787983932,295088121190,88405612605
1787983947,295554205257,88486607136
1787983962,296181919818,88594359073
1787983977,296644268083,88674960138
1787983992,296953373267,88730375466
1787984007,297573944926,88837996853
1787984022,298036554832,88918794023
1787984037,298506963953,89001033416
1787984052,298973832622,89084319877
1787984067,299435852624,89166100007
1787984082,299900297528,89246372879
1787984097,300373260908,89327430979
1787984112,300971335734,89432019725
1787984127,301463259803,89517227378
1787984142,301937075868,89597434227
1787984157,302405519545,89677314960
1787984172,302875535916,89757457667
1787984187,303345945933,89837731876
1787984202,303833739109,89921757756
1787984217,304277196130,89999327289
1787984232,304898750922,90105769121
1787984247,305353169299,90186566762
1787984262,305814403678,90269396277
1787984277,306276095537,90350389512
1787984292,306744080029,90431449460
1787984307,307207083259,90510804946
1787984322,307676705920,90590947159
1787984337,308146459365,90672661948
1787984352,308740204636,90775935795
1787984367,309228656330,90861537697
1787984382,309693953158,90941679453
1787984397,310166393547,91021690274
1787984412,310624415619,91102618202
1787984427,311110829964,91185265251
1787984442,311581307556,91266065787
1787984458,312151367631,91363152550
1787984473,312654572973,91448303748
1787984488,313121376378,91528903505
1787984503,313586411611,91609111346
1787984518,314054461112,91689580943
1787984533,314517988906,91769002241
1787984548,315144655823,91877344934
1787984563,315516469623,91940615246
1787984578,316076362481,92037692872
1787984593,316539758452,92117834315
1787984608,317003679591,92197911102
1787984623,317474612183,92278773422
1787984638,317943318253,92359440836
1787984653,318494611425,92452571832
1787984668,318957284974,92533170501
1787984683,319339405415,92600849214
1787984698,319958076178,92707749353
1787984713,320270392791,92760740014
1787984729,320892076353,92868293656
1787984749,321512515646,92974013205
1787984764,322009688998,93057982077
1787984779,322583621069,93156450468
1787984794,323061517520,93239558055
1787984809,323526552838,93319438301
1787984824,323840379734,93373021741
1787984840,324463308040,93480378335
1787984855,324953334451,93564671370
1787984870,325396918033,93640729064
1787984885,325961339700,93739124235
1787984900,326480622446,93829342789
1787984915,326948607673,93909551504
1787984930,327410365838,93989628005
1787984945,327875663293,94070818964
1787984960,328027537698,94099006931
1787984975,328495415715,94180682879
1787984990,328495415715,94180682879
1787985005,328808460310,94235233513
1787985020,329276575877,94317735256
1787985035,329904159546,94428764173
1787985050,330372012087,94511723786
1787985065,330829968248,94593830987
1787985081,331293233795,94676332374
1787985096,331757808489,94757587004
1787985111,332378903028,94868745927
1787985126,332846100355,94950394966
1787985141,333310413054,95032698321
1787985157,333774727512,95115593259
1787985172,334236944298,95200191613
1787985187,334773022724,95295737047
1787985202,335276751100,95385212367
1787985217,335795447376,95478055715
1787985232,336261334937,95558853740
1787985248,336720143974,95640503097
1787985263,337188652414,95722742353
1787985278,337654866369,95804456596
1787985293,338150005644,95890323551
1787985308,338749713244,95996413999
1787985323,339219794985,96081602812
1787985338,339690664644,96163516311
1787985353,340146786254,96247524513
1787985368,340611822369,96331010036
1787985383,341074825338,96413969741
1787985398,341537370605,96495685312
1787985413,342155190110,96606059569
1787985428,342616490018,96688626933
1787985443,343088539091,96772440742
1787985458,343404657626,96826546349
1787985473,344031848367,96936133762
1787985488,344495769260,97016931199
1787985503,344964671784,97099695611
1787985518,345433246777,97182722316
1787985533,346044837325,97292831392
1787985548,346512821605,97375201848
1787985563,346970516318,97456719921
1787985578,347440730030,97539615873
1787985593,347907927248,97620937123
1787985608,348375387598,97703963297
1787985623,348838717516,97786004767
1787985638,349412379578,97886955661
1787985653,349932385614,97977045537
1787985668,350399452011,98060660798
1787985683,350861537381,98143292728
1787985698,351332994810,98225269709
1787985713,351800586481,98309541316
1787985729,352366777116,98409705455
1787985744,352733671888,98474217123
1787985759,353359683475,98584329318
1787985774,353824391700,98665717479
1787985789,354293490827,98748088670
1787985804,354759507855,98828622946
1787985819,355224936367,98913025154
1787985834,355687416722,98995789925
1787985849,356158622843,99078302030
1787985864,356603982842,99156529357
1787985879,357221538139,99266508334
1787985894,357683361243,99349598894
1787985909,358154490463,99431182130
1787985924,358621885434,99514405069
1787985939,358928697372,99568248047
1787985954,359553265434,99677309933
1787985969,360021576886,99757910409
1787985984,360482219849,99840214044
1787985999,361103117277,99946784944
1787986014,361539943625,100023556508
1787986029,362032400066,100109886357
1787986044,362501628852,100191404167
1787986059,362966794777,100273708780
1787986074,363431044133,100354965752
1787986089,363895291680,100434713587
1787986104,364504123459,100543702294
1787986120,364977357093,100626341368
1787986135,365445079949,100709761120
1787986150,365916274989,100791672320
1787986165,366379147391,100872797522
1787986180,366838020804,100953003927
1787986195,367303186146,101035963317
1787986210,367770515347,101117678694
1787986225,368387742735,101226084578
1787986240,368856381920,101305570995
1787986255,369323316713,101387416252
1787986270,369787500363,101470114846
1787986285,370252928125,101551829328
1787986300,370714292633,101633150572
1787986315,371182605369,101715915020
1787986330,371791492172,101821681951
1787986345,372275746998,101907871113
1787986361,372737701453,101990044448
1787986376,373202540548,102070711511
1787986391,373664101578,102150787485
1787986406,374132151040,102233157587
1787986421,374600725950,102313824913
1787986436,375069103191,102394097962
1787986451,375695050280,102503359227
1787986466,376164017662,102583894737
1787986481,376637245436,102666265807
1787986496,377105623495,102747588250
1787986511,377567120489,102830418236
1787986527,378172795597,102934677408
1787986542,378601553943,103008820458
1787986557,378971859113,103072744828
1787986572,379597739031,103181873386
1787986587,380059888888,103263979979
1787986602,380517713865,103345562780
1787986617,380985829436,103426295055
1787986632,381451780704,103506501427
1787986647,382075366784,103614188115
1787986662,382535551564,103695705887
1787986677,383004649642,103777617277
1787986692,383471715330,103859331285
1787986707,383938716745,103942422812
1787986722,384403883279,104023744994
1787986737,384876782968,104104739403
1787986752,385341032267,104187175966
1787986767,385953083964,104293945103
1787986782,386310596186,104355824429
1787986797,386896525120,104457311251
1787986812,387361888641,104538175060
1787986827,387826335339,104618646334
1787986842,388297006270,104699443601
1787986857,388770037600,104779652147
1787986872,389292205100,104867643647
1787986887,389768726922,104952456797
1787986902,390161732279,105020141450
1787986917,390788136403,105128811174
1787986932,391253563643,105210197454
1787986947,391712175291,105290011022
1787986962,392174458463,105370743602
1787986977,392639231664,105451213699
1787986992,393104200790,105532469545
1787987007,393570611971,105613397974
1787987022,394038333567,105693015378
1787987037,394661067283,105801750246
1787987052,395117448594,105881430629
1787987067,395581043782,105962688793
1787987082,396045751989,106043487112
1787987097,396512425914,106124285069
1787987112,396976281758,106204820849
1787987127,397444986862,106286732481
1787987142,398074209468,106394485135
1787987157,398542062804,106474168743
1787987172,399015158547,106556145638
1787987187,399488123221,106637860392
1787987202,399948767564,106718330399
1787987217,400412688369,106797554884
1787987232,400876282292,106879598215
1787987247,401337974895,106961313090
1787987263,401960840568,107067427403
1787987278,402422336211,107147044774
1787987293,402889272974,107227056993
1787987308,403361975945,107307330396
1787987323,403827862292,107386882023
1787987338,404291914368,107466762067
1787987353,404755704976,107548674403
1787987368,405283774671,107638898082
1787987383,405850814175,107736961970
1787987398,406321943538,107816841413
1787987413,406788485835,107897900958
1787987428,407247031242,107978631325
1787987443,407719211186,108059561349
1787987458,408272337069,108153738624
1787987473,408656360669,108220567984
1787987488,409277127518,108328777777
1787987503,409748060658,108409378501
1787987518,410210147090,108489848805
1787987533,410678458504,108571759963
1787987548,411141068331,108651836158
1787987563,411603742562,108732632117
1787987579,412069956040,108813428379
1787987594,412534204218,108893438989
1787987609,413155298856,109000141563
1787987624,413617187815,109079562426
1787987639,414084123394,109160032213
1787987654,414552893621,109240436104
1787987669,415010259422,109319986865
1787987684,415470903004,109402028975
1787987699,415943933464,109482695403
1787987714,416560768437,109589332616
1787987729,417033404759,109669408298
1787987744,417502439743,109750863378
1787987759,417965573920,109831267315
1787987774,418427199724,109911932351
1787987789,418891842287,109992861634
1787987804,419453573956,110089746455
1787987819,419826767059,110153871782
1787987834,420446022600,110262143131
1787987849,420911451273,110342220124
1787987864,421258142565,110401732664
1787987879,421840735483,110502701518
1787987894,422307540077,110583892288
1787987909,422776574231,110663511530
1787987924,423243902775,110744898570
1787987939,423709461565,110824384784
1787987954,424335012884,110930235623
1787987969,424801489582,111010705281
1787987985,425269211352,111090585003
1787988000,425740342253,111171645632
1787988015,426210555346,111252771493
1787988030,426674803608,111333175403
1787988045,427145540205,111415480128
1787988060,427656820408,111502152587
1787988075,428237044968,111603112379
1787988090,428707650405,111682205752
1787988105,429173733945,111763461900
1787988120,429642176185,111843668876
1787988135,430109767072,111922303603
1787988150,430577423012,112004149111
1787988165,431041934144,112083701779
1787988180,431654508424,112188568667
1787988195,432119215271,112268513658
1787988210,432587396559,112348721826
1787988225,433057216273,112427553764
1787988240,433518778298,112506713229
1787988255,433986762372,112587641687
1787988270,434447406613,112668832488
1787988285,434911917075,112748384486
1787988300,435532619694,112854957185
1787988315,436001389358,112935294977
1787988330,436464327542,113015240777
1787988345,436934343238,113095382809
1787988360,437402523566,113174017153
1787988375,437878513022,113254365777
1787988390,438333251682,113333189941
1787988406,438955720739,113439890678
1787988421,439418985750,113520032233
1787988436,439879825397,113600763080
1787988451,440342106182,113679002905
1787988466,440808320774,113759144921
1787988481,441273029221,113839157048
1787988496,441900610240,113945399187
1787988511,442217590459,114001021838
1787988526,442835140301,114107390880
1787988541,443296437713,114186482340
1787988556,443763963862,114266035369
1787988571,444228410126,114345261025
1787988586,444687415096,114423632907
1787988602,445304837246,114530466432
1787988617,445778001751,114610084906
1787988632,446120101710,114668282913
1787988647,446707218167,114768204746
1787988662,447165567932,114846445711
1787988677,447635453160,114926457275
1787988693,448187404538,115020180941
1787988708,448567685005,115085429856
1787988723,449187273406,115192330129
1787988738,449649687291,115271161806
1787988753,450116164790,115350911369
1787988768,450580281077,115429741512
1787988783,451051083572,115509425159
1787988798,451612283462,115604401945
1787988813,452107169684,115689032807
1787988828,452453265785,115746180684
1787988843,453068068761,115850458220
1787988858,453539527157,115929355976
1787988873,454011444203,116009695422
1787988888,454481263026,116087477893
1787988903,454941447641,116167553708
1787988918,455409497441,116245795380
1787988933,455874139217,116327510308
1787988948,456498970168,116433623819
1787988963,456956531596,116512190559
1787988978,457427202726,116590890873
1787988993,457893482049,116670507796
1787989008,458360679084,116750255999
1787989023,458829580486,116829676953
1787989038,459288781773,116909162656
1787989053,459755652322,116988846517
1787989068,460382120815,117094762562
1787989083,460849056461,117173331872
1787989098,461317368553,117251311548
1787989113,461785942329,117330273804
1787989128,462249273935,117408974626
1787989143,462712603657,117487739100
1787989158,463174951078,117567159673
1787989173,463742453491,117665293254
1787989188,464253281407,117753217362
1787989203,464722118452,117832573959
1787989218,465192331648,117912323667
1787989233,465657694619,117992400494
1787989248,466122926383,118071821826
1787989263,466601010947,118151578582
1787989278,467066104045,118229616064
1787989293,467684906876,118334682191
1787989308,468159248452,118413710615
1787989323,468618318511,118493851522
1787989339,469087744430,118572748417
1787989354,469552845863,118651711738
1787989369,470024630943,118730542962
1787989384,470498710685,118809375088
1787989399,470965974623,118889255730
1787989414,471584316826,118993730157
1787989429,472052040274,119072235301
1787989444,472520810485,119151000776
1787989459,472986828772,119230487735
1787989474,473456779299,119310105846
1787989489,473927318983,119388347034
1787989504,474392550003,119467439942
1787989519,475001779053,119572238400
1787989534,475469701926,119651532793
1787989549,475939194587,119730365358
1787989564,476404885611,119809459518
1787989579,476866119424,119888749523
1787989594,477336332735,119968892562
1787989609,477806741233,120049099716
1787989624,478272628836,120128455991
1787989639,478907226675,120236537606
1787989654,479372326590,120316547985
1787989669,479839525054,120395249041
1787989684,480304494964,120475194951
1787989699,480767957266,120552977893
1787989714,481237710006,120632856969
1787989729,481704450229,120711820680
1787989744,482172827742,120791373105
1787989759,482787891515,120895911438
1787989774,483254761049,120975659820
1787989789,483724645440,121055539475
1787989804,484198134645,121134633032
1787989819,484663040043,121213007102
1787989834,485126041253,121291639672
1787989849,485595796374,121370472553
1787989864,486054473455,121448451010
1787989879,486675895808,121553122003
1787989895,487146567183,121631036130
1787989910,487608325038,121709801601
1787989925,488071459204,121789353559
1787989940,488538788727,121868644426
1787989955,489002775122,121946820389
1787989970,489469186485,122026045064
1787989985,490089365073,122130914084
1787990000,490549876096,122209743443
1787990015,490975220318,122281783089
1787990030,491482305584,122367930627
1787990045,491949896006,122446958105
1787990060,492421484902,122526117433
1787990075,492882193839,122604751490
1787990090,493349195421,122683255664
1787990105,493958820947,122787795238
1787990120,494421365169,122866232964
1787990135,494884238781,122945786512
1787990150,495356876270,123024159425
1787990165,495822434863,123102990082
1787990180,496292648124,123183198607
1787990195,496753095171,123262095062
1787990210,497221801349,123340796504
1787990225,497833261005,123446252704
1787990240,498284191678,123523234961
1787990255,498762739810,123605290293
1787990270,499232035823,123684253890
1787990285,499697791508,123763281639
1787990300,500164530928,123841982403
1787990315,500624387840,123920092115
1787990330,501227370158,124019889025
1787990345,501699098887,124100498906
1787990360,502034766384,124155803395
1787990375,502655662974,124259620945
1787990390,503124433955,124338977014
1787990405,503585667993,124417874028
1787990420,504053981023,124497427506
1787990435,504522488637,124576192528
1787990450,505141814194,124680732805
1787990465,505604620510,124759367089
1787990480,506070965840,124837280547
1787990496,506528726480,124916308643
1787990511,506995333988,124994353207
1787990526,507461417628,125072136047
1787990541,507930450480,125150377731
1787990556,508497299584,125245957459
1787990571,509012715236,125333750711
1787990586,509471524064,125412909491
1787990601,509932757653,125491806056
1787990616,510390977600,125569589523
1787990631,510863746255,125648355746
1787990647,511483989014,125753944297
1787990662,511951121536,125832448339
1787990677,512425657605,125910950360
1787990692,512887809011,125988864198
1787990707,513354612095,126067497554
1787990722,513815582960,126146524611
1787990737,514286057541,126224962840
1787990752,514752534591,126303401234
1787990767,515214685336,126382362987
1787990782,515685159915,126460735678
1787990797,516300618836,126565144871
1787990812,516766899313,126643779908
1787990828,517240584821,126722217800
1787990843,517704047310,126800459681
1787990858,518163510871,126877979434
1787990873,518674268433,126964194788
1787990888,519165412209,127047114820
1787990903,519718279034,127139329101
1787990918,520177612627,127217767462
1787990933,520638518616,127296860715
1787990948,521109321062,127375168057
1787990963,521577304949,127452819528
1787990978,522042994387,127530797990
1787990993,522573704467,127622613478
1787991008,522967297859,127687412758
1787991023,523591864274,127791492261
1787991038,524061946327,127869734570
1787991054,524525211925,127947779560
1787991069,524999028694,128026676393
1787991084,525468585842,128104852549
1787991099,526085223811,128208343638
1787991114,526551831961,128286847596
1787991129,526928369428,128350188519
1787991144,527484327367,128443593370
1787991159,527951196179,128521637094
1787991174,528413608618,128599549821
1787991189,528875038435,128677790646
1787991204,529337976645,128756687896
1787991219,529805568280,128834995691
1787991234,530427514591,128940518322
1787991249,530897006582,129020529865
1787991264,531365383993,129098902540
1787991279,531837366229,129176620200
1787991294,532309218870,129255715593
1787991309,532774648102,129334482425
1787991324,533239354360,129413574859
1787991339,533859466087,129519425594
1787991354,534281332650,129590019197
1787991369,534793008589,129676169888
1787991384,535255224856,129755262699
1787991399,535726550791,129833438170
1787991414,536194404587,129911745982
1787991429,536665208065,129989005780
1787991444,537207910638,130080230849
1787991459,537696166398,130161835729
1787991474,538060902189,130223533056
1787991489,538681735468,130327614975
1787991504,539144411594,130405594781
1787991519,539613968387,130483573974
1787991534,540082148231,130562601050
1787991549,540550985127,130640122490
1787991564,541103726518,130732342409
1787991579,541603591048,130816315483
1787991594,542101166215,130901669210
1787991609,542561284518,130979778169
1787991624,543023958300,131058017775
1787991639,543491614663,131135931546
1787991654,543958157008,131213452195
1787991669,544426206704,131292152515
1787991684,545017317411,131390629110
1787991699,545363551807,131448898322
1787991714,545956563319,131546719818
1787991729,546451971716,131630431063
1787991744,546799254331,131688372238
1787991759,547385190097,131786261412
1787991774,547842949126,131864304857
1787991789,548308967013,131942611768
1787991804,548775310638,132020982273
1787991819,549242706228,132100077063
1787991834,549853633477,132202313880
1787991849,550330605977,132281482860
1787991864,550798590642,132359528325
1787991879,551258775319,132437769194
1787991894,551720140358,132515683097
1787991909,552187993439,132593990194
1787991924,552659581954,132672493781
1787991940,553124157041,132750603076
1787991955,553744725839,132853503010
1787991970,554208187401,132930891996
1787991985,554673024994,133009591477
1787992000,555141860944,133086653219
1787992015,555608926933,133164959656
1787992030,556071209382,133243397753
1787992045,556541880484,133322294647
1787992060,557160420520,133427556731
1787992075,557625914675,133505667590
1787992090,558055518343,133577182554
1787992105,558561096173,133662478016
1787992120,559024821392,133740851555
1787992135,559491035705,133818240780
1787992150,559954039020,133896744383
1787992165,560416649430,133975969193
1787992180,560882667843,134053686806
1787992195,561501599507,134159471590
1787992210,561966372535,134237123466
1787992225,562442156533,134314776264
1787992240,562902734620,134393279471
1787992255,563367113265,134472175364
1787992270,563826117746,134550350149
1787992285,564295020722,134629838213
1787992300,564922211241,134733527164
1787992315,565383576317,134810982352
1787992330,565856673060,134888831479
1787992345,566316529682,134966678757
1787992360,566787134991,135044526818
1787992375,567246074855,135122178234
1787992390,567708947438,135200616641
1787992405,568327150199,135302920010
1787992420,568796246481,135380766372
1787992435,569155207766,135441145641
1787992450,569731766820,135539357431
1787992465,570202897204,135618123783
1787992480,570668587656,135695447899
1787992495,571133163548,135772574959
1787992510,571597608355,135850160758
1787992525,572212019205,135953259736
1787992540,572683083541,136031239144
1787992555,573150673923,136109480150
1787992570,573610400621,136187066432
1787992585,574068947889,136265373828
1787992600,574536079893,136343156456
1787992615,575008783337,136421333180
1787992630,575464182027,136499178974
1787992646,576084162194,136603390821
1787992661,576400608867,136655924022
1787992676,577026030556,136760334511
1787992691,577494933086,136838380337
1787992706,577879739573,136902781320
1787992721,578426509818,136994272973
1787992736,578893248396,137072710751
1787992751,579355137796,137150297047
1787992766,579826400042,137229195261
1787992781,580290910587,137308026446
1787992796,580851323036,137401560431
1787992811,581379005262,137490610209
1787992826,581847513538,137568851605
1787992841,582309600136,137646897243
1787992856,582773126711,137724613386
1787992871,583244322260,137803117223
1787992886,583711061869,137880966208
1787992901,584210867964,137965142991
1787992916,584726870802,138051098597
1787992931,585257768966,138139563225
1787992946,585725490633,138218066588
1787992961,586193474750,138295914897
1787992976,586651889855,138373303698
1787992991,587115680254,138452070097
1787993006,587572065349,138529722648
1787993021,588192308411,138633214350
1787993036,588662586201,138710997036
1787993051,589107224022,138787257001
1787993066,589586231455,138867019122
1787993081,590052512801,138945196276
1787993096,590520301320,139022980059
1787993111,590988153328,139100040899
1787993126,591456006176,139177692403
1787993141,591926087809,139255344468
1787993156,592544103542,139359689033
1787993172,593014971795,139437996646
1787993187,593476270116,139516237047
1787993202,593952510849,139593887828
1787993217,594571116081,139697445636
1787993232,595043099989,139775558184
1787993247,595509053228,139852948479
1787993262,595976512892,139931124303
1787993277,596444825418,140009235485
1787993292,596910712274,140087214757
1787993307,597384005296,140164998019
1787993322,597850088417,140242845876
1787993337,598467382560,140347648499
1787993352,598941462158,140426087265
1787993367,599402892441,140504000876
1787993382,599869434662,140582504441
1787993397,600332701090,140660812405
1787993413,600792557342,140738724849
1787993428,601258838072,140816180491
1787993443,601886683394,140919868885
1787993458,602357288373,140997651080
1787993473,602730088112,141060531075
1787993488,603290701810,141154790597
1787993503,603761044895,141232310898
1787993518,604228634434,141309764629
1787993533,604686721571,141387480822
1787993548,605153329796,141465198423
1787993563,605778159576,141568885931
1787993578,606241816884,141646929415
1787993593,606709081715,141725303622
1787993608,607177130746,141802692557
1787993623,607488531169,141854635956
1787993638,608105892254,141959505521
1787993653,608570140911,142037484994
1787993668,609028752192,142115594259
1787993683,609492936824,142193902923
1787993698,609958560753,142273126596
1787993713,610578147362,142377403637
1787993728,611042198678,142455120233
1787993743,611472075992,142527695275
1787993758,611971548234,142611210525
1787993773,612440122259,142689058918
1787993788,612893621468,142765857199
1787993803,613354724166,142844360729
1787993818,613819365554,142922732933
1787993833,614440066359,143027075594
1787993848,614909426534,143104661561
1787993863,615369808994,143182772533
1787993878,615839758372,143260292343
1787993893,616308529620,143338272423
1787993908,616778284691,143415728998
1787993923,617239058857,143493183100
1787993938,617758147860,143579472359
1787993953,618315881310,143674521649
1787993968,618777508156,143752893967
1787993983,619239657862,143831264857
1787993998,619701873639,143909177530
1787994013,620163630452,143987745351
1787994028,620628862139,144064807310
1787994043,621093176914,144143835941
1787994058,621724104479,144247657458
1787994074,622185272621,144325046784
1787994089,622654700796,144403880399
1787994104,622961708412,144455690831
1787994119,623575397618,144559903173
1787994134,624037417543,144637357850
1787994149,624502189439,144715205202
1787994164,624961718527,144792987090
1787994179,625579734320,144896348675
1787994194,626044507311,144974262658
1787994209,626517013168,145052241795
1787994224,626979689260,145129631743
1787994239,627447477119,145208987730
1787994254,627943085839,145292637154
1787994269,628424193441,145373385332
1787994284,628987892063,145467715122
1787994299,629449977317,145545300664
1787994314,629917436991,145622690066
1787994329,630382340209,145700472132
1787994344,630848751385,145777468396
1787994359,631315817350,145855512665
1787994374,631853733088,145945031091
1787994389,632249490719,146010225138
1787994404,632874649853,146114373072
1787994419,633338438928,146192220643
1787994434,633800852857,146270200396
1787994449,634264052011,146348047870
1787994464,634731709389,146425569440
1787994479,635196090310,146503484569
1787994494,635665580871,146580938778
1787994509,636130548100,146658391639
1787994524,636751839874,146762276693
1787994539,637222708717,146839798464
1787994554,637686693991,146917317946
1787994569,638160511527,146995560186
1787994584,638468568361,147047961084
1787994599,638776196136,147099017839
1787994614,639017665715,147138964218
1787994630,639357562587,147196272729
1787994645,639711017401,147255676774
1787994660,640335783611,147359759464
1787994675,640801736787,147437608448
1787994690,641267754527,147515718604
1787994705,641730820725,147592974370
1787994720,642196380098,147672723311
1787994735,642815640081,147776804798
1787994750,643278315938,147855046479
1787994765,643674928734,147921292299
1787994780,644216840157,148012512650
1787994795,644684627498,148090885079
1787994810,645154184272,148168077821
1787994825,645620006055,148246778452
1787994840,646089170284,148325413657
1787994855,646712362112,148429363757
1787994870,647176676015,148507474012
1787994885,647644332666,148585781287
1787994900,648109170676,148664022433
1787994915,648580169830,148742264339
1787994930,649047957609,148820833814
1787994945,649519808952,148899141477
1787994960,649990021969,148977514750
1787994975,650614263233,149081596782
1787994990,651080937366,149159314755
1787995005,651542563910,149238211059
1787995021,652002356254,149318156747
1787995036,652466212633,149396071622
1787995051,652934590652,149476083305
1787995066,653402902259,149553734816
1787995081,654029238959,149657356380
1787995096,654497352553,149734482198
1787995111,654854147225,149793612358
1787995126,655429125546,149889850199
1787995141,655892193869,149967435770
1787995156,656359260675,150045415344
1787995171,656826785861,150123853298
1787995186,657295883829,150201111522
1787995201,657911932442,150303947719
1787995216,658377753059,150381598608
1787995231,658847048642,150459906415
1787995246,659316801723,150538212968
1787995261,659785374967,150616191652
1787995276,660252244441,150694104966
1787995291,660717868816,150772018365
1787995306,661185463195,150850001224
1787995321,661800263801,150953489958
1787995336,662263136120,151031403813
1787995351,662727121872,151109775741
1787995366,663191567624,151188148917
1787995381,663656471400,151265734933
1787995396,664118426243,151343583280
1787995411,664587983494,151420973107
1787995426,665201016492,151525053529
1787995441,665661595131,151603688360
1787995456,666061487423,151671050988
1787995471,666596581406,151761352139
1787995486,667053490317,151838807610
1787995501,667519049908,151916459617
1787995516,667982904381,151994765802
1787995531,668445252291,152072548464
1787995546,669060710244,152176366865
1787995561,669526530377,152254148342
1787995576,669940267065,152323755494
1787995591,670456862573,152409976090
1787995606,670920783488,152488348717
1787995621,671383589469,152567572490
1787995636,671850918794,152645552439
1787995651,672319492839,152724777108
1787995666,672803937614,152805257979
1787995681,673259195857,152879817598
1787995696,673886910329,152982785318
1787995711,674354960576,153060634221
1787995726,674825368922,153138350855
1787995741,675287585931,153216592440
1787995756,675750915886,153294898395
1787995771,676213002675,153373075296
1787995786,676671615171,153451251312
1787995801,677140255139,153529624400
1787995816,677755124324,153633968145
1787995831,678223108715,153712144408
1787995846,678690502758,153790647827
1787995862,679156126301,153868167178
1787995877,679625421650,153946343679
1787995892,680094845430,154024189859
1787995907,680551293404,154102495113
1787995922,681172911409,154206378718
1787995937,681635653223,154283375636
1787995952,682099180573,154361158090
1787995967,682564477567,154438809644
1787995982,683034360844,154516525497
1787995997,683500772501,154595357250
1787996012,684052400703,154687447020
1787996027,684431432889,154750399078
1787996042,685059934219,154855005624
1787996057,685529622090,154933246967
1787996072,685988365350,155011029459
1787996087,686454121146,155088353383
1787996102,686924201705,155166659734
1787996117,687428336477,155252085002
1787996132,687905568202,155331447671
1787996147,688324680314,155400532007
1787996162,688933323205,155504809842
1787996177,689399209608,155583378485
1787996192,689870666778,155660964295
1787996207,690336225257,155739532694
1787996222,690803030697,155816857686
1787996237,691376832998,155914213267
1787996252,691874861965,155997202746
1787996267,692348753701,156076371154
1787996282,692806907069,156153367146
1787996297,693277578392,156231281221
1787996312,693749429835,156308999160
1787996327,694217020444,156386847177
1787996343,694689460650,156465284951
1787996358,695315143657,156569301398
1787996373,695775722367,156647084332
1787996388,696235841099,156724931576
1787996403,696704218837,156802845826
1787996418,697159881791,156881742316
1787996433,697625440334,156958737915
1787996448,698096439063,157037438148
1787996463,698722776639,157141388268
1787996478,699188925935,157219433372
1787996493,699659596719,157297215836
1787996508,700128564668,157375458153
1787996523,700593272720,157453765949
1787996538,701057651922,157532531327
1787996553,701524586708,157609723521
1787996568,701993225131,157687439704
1787996583,702539341381,157778080754
1787996598,703040456317,157862059050
1787996613,703548322706,157946562879
1787996628,704015783535,158023887900
1787996643,704484817187,158102261456
1787996658,704954375312,158180569661
1787996673,705418295021,158257630362
1787996688,705891391412,158335741281
1787996703,706516287220,158439625889
1787996718,706894471661,158502975386
1787996733,707445700370,158594403519
1787996748,707908048252,158673103657
1787996764,708371248339,158751541888
1787996779,708877479685,158835918002
1787996794,709305185444,158906911313
1787996809,709931066378,159011781047
1787996824,710396231279,159089824796
1787996839,710864150045,159168197578
1787996854,711330298879,159246307756
1787996869,711791729370,159324024967
1787996884,712273098336,159403854861
1787996899,712762002764,159484273401
1787996914,713195615737,159556651942
1787996929,713820577953,159660144206
1787996944,714282401294,159737598907
1787996959,714741931295,159815578316
1787996974,715207817579,159892705048
1787996990,715676850040,159970815269
1787997005,716138870055,160048925396
1787997020,716641032846,160132509755
1787997035,717223359998,160230132651
1787997050,717691802914,160307456719
1787997065,718157690110,160385632939
1787997080,718630983767,160462958084
1787997095,719097460124,160541723465
1787997110,719567802412,160619046361
1787997125,720180377451,160722275608
1787997140,720572334712,160787077157
1787997155,721103172566,160876988803
1787997170,721566504084,160953920065
1787997185,722036324379,161031376328
1787997200,722502669126,161109092595
1787997215,722968556241,161186482302
1787997230,723504304009,161275274550
1787997245,723997352085,161357542978
1787997260,724370675511,161419177188
1787997275,724986462971,161524045992
1787997291,725450253558,161601436323
1787997306,725918301845,161679610946
1787997321,726383271633,161758049406
1787997336,726846340785,161835897950
1787997351,727471958477,161940307834
1787997366,727936402899,162017500032
1787997381,728403469271,162095020420
1787997396,728867192201,162172998454
1787997411,729336682406,162250517843
1787997426,729794048918,162328168771
1787997441,730263541123,162405755696
1787997456,730728380600,162483736165
1787997471,731357146580,162587689857
1787997486,731664940774,162639565971
1787997501,732281383429,162743189426
1787997516,732746417748,162820381697
1787997531,733215974150,162897705139
1787997546,733685728634,162975357735
1787997561,734157646127,163053272796
1787997576,734620977215,163131317740
1787997591,735086928575,163209427052
1787997606,735554715998,163286423307
1787997621,736181054470,163390702003
1787997636,736650219165,163468289098
1787997651,737120103853,163545875290
1787997666,737589134822,163623394195
1787997681,738051941352,163701242261
1787997696,738519664838,163778961011
1787997711,738982209003,163857270018
1787997726,739601402082,163960037007
1787997741,740065913368,164037099461
1787997756,740539009152,164115144237
1787997771,741009156399,164192796380
1787997786,741479565089,164270709966
1787997801,741949055803,164348033256
1787997816,742405179796,164426342209
1787997831,742873161351,164502877236
1787997846,743494715948,164606762969
1787997861,743959750358,164685003907
1787997876,744426816648,164762327605
1787997891,744892309730,164840044175
1787997906,745364356657,164918285278
1787997921,745825457126,164995738003
1787997936,746290886293,165073718338
1787997951,746750284963,165151369808
1787997966,747217942303,165228432588
1787997981,747842313251,165331857872
1787997996,748304463357,165409573802
1787998011,748768449127,165487028244
1787998026,749234401422,165564548667
1787998041,749702581496,165641478821
1787998056,750170564130,165720243151
1787998071,750674236702,165803829963
1787998086,751261739047,165901123028
1787998101,751722710349,165979822842
1787998116,752186368288,166057998029
1787998131,752653108113,166134864190
1787998146,753115522406,166212254483
1787998161,753578919106,166289640047
1787998176,754045528151,166368472580
1787998191,754665050959,166472554748
1787998206,755131528581,166550534962
1787998221,755545457375,166618826892
1787998236,756071691530,166704724663
1787998251,756538627091,166782310848
1787998266,757006087103,166859962732
1787998281,757464763143,166937284788
1787998296,757927765852,167014673673
1787998311,758555808631,167118756132
1787998326,759022612358,167195686195
1787998341,759482993493,167273337090
1787998356,759948749005,167350595194
1787998371,760412602334,167427982731
1787998386,760875999043,167505306864
1787998402,761344375513,167582433414
1787998417,761937655356,167680523241
1787998432,762438108462,167762856667
1787998447,762749575084,167814538585
1787998462,763364837584,167917375101
1787998477,763829807638,167995158467
1787998492,764294580765,168073203658
1787998507,764761778039,168150592804
1787998522,765235005244,168228179177
1787998537,765704103471,168306420700
1787998552,766182390723,168386183536
1787998567,766634108237,168461527802
1787998582,767253498991,168564953628
1787998597,767712176417,168641752782
1787998612,768177472826,168719469287
1787998627,768638772529,168796269278
1787998642,769107018625,168873986350
1787998657,769621643694,168959154011
1787998672,770111212315,169040629960
1787998687,770661984277,169132060098
1787998702,771122431751,169210170548
1787998717,771584713741,169287297466
1787998732,772051844654,169363899355
1787998747,772522253523,169442009728
1787998762,772992073264,169519989725
1787998777,773532285695,169611083948
1787998792,773926073832,169675684757
1787998807,774551624876,169779896921
1787998822,775017052652,169857286041
1787998837,775486346729,169934150550
1787998852,775947384378,170011605991
1787998867,776415303409,170088602782
1787998882,776881385288,170165728501
1787998897,777349565996,170244035545
1787998912,777809815679,170321358380
1787998927,778276096124,170398092841
1787998942,778890569649,170501647710
1787998957,779353376615,170578971924
1787998972,779823328160,170655969613
1787998987,780289738749,170733292970
1787999002,780758313758,170811470027
1787999017,781223740713,170888989398
1787999032,781807308895,170984969740
1787999047,782313279157,171068560482
1787999062,782780541908,171145425281
1787999077,783248459778,171222355375
1787999092,783715067567,171299220572
1787999107,784183248778,171376741687
1787999122,784645465053,171453868426
1787999137,785112464872,171530535829
1787999152,785735133409,171633897102
1787999167,786188501236,171710957217
1787999182,786651964065,171788806222
1787999197,787120799397,171865539666
1787999212,787592387279,171943256188
1787999227,788062008686,172020775707
1787999242,788528288913,172098230846
1787999257,788995094187,172175359064
1787999272,789611406957,172277869594
1787999287,790070413017,172355390598
1787999302,790539904640,172432911405
1787999318,791003498216,172510497941
1787999333,791459554612,172587494113
1787999348,791928719654,172665474771
1787999363,792398145673,172742340150
1787999378,793022779773,172845635370
1787999393,793490173899,172923024760
1787999408,793802557118,172974640235
1787999423,794424571292,173078199113
1787999438,794882528621,173154933530
1787999453,795352347033,173232125766
1787999468,795814040213,173309384770
1787999483,796281696227,173386708368
1787999498,796775328344,173469364229
1787999513,797247316256,173548005069
1787999528,797681387950,173620318043
1787999543,798302549242,173722761895
1787999558,798766272023,173799887812
1787999573,799231503576,173876949637
1787999588,799696668663,173954469284
1787999603,800163209942,174031136899
1787999618,800691217555,174118021696
1787999633,801165106910,174196139147
1787999648,801719160139,174288818936
1787999663,802189242022,174365357139
1787999678,802653883769,174443139878
1787999693,803120360114,174520332383
1787999708,803582378853,174597720338
1787999723,804043153408,174674912685
1787999738,804581397150,174764955723
1787999753,804977155839,174830281900
1787999768,805600742173,174933512394
1787999783,806071544562,175011098783
1787999798,806537103829,175087898498
1787999813,807004301036,175164763289
1787999828,807473792477,175241628554
1787999843,807938434844,175319149769
1787999858,808407270956,175396342745
1787999873,808868176513,175473928238
1787999888,809334129186,175550859215
1787999903,809953390454,175654155555
1787999918,810421638817,175731612750
1787999933,810890606280,175809068149
1787999948,811356557539,175885932176
1787999963,811820019742,175963780555
1787999978,812279023913,176041037526
1787999993,812874411535,176140776380
1788000008,813353682751,176221261036
1788000023,813820880332,176297995129
1788000038,814289980013,176375582746
1788000053,814753377303,176452776388
1788000068,815217625930,176529707255
1788000083,815692425044,176607030529
1788000098,816158508868,176684223729
1788000113,816772589736,176787189333
1788000128,817238018411,176864907032
1788000143,817705676010,176942101143
1788000158,818165860384,177019489741
1788000174,818630436536,177096944741
1788000189,819178458927,177188902108
1788000204,819665270038,177268996803
1788000219,820021542266,177328325415
1788000234,820638179215,177431291196
1788000249,821104983336,177509401301
1788000264,821571329406,177586791211
1788000279,822036168333,177664312378
1788000294,822505594541,177741571162
1788000309,823099596387,177839989776
1788000324,823582339950,177919162651
1788000339,824056757220,177997873553
1788000354,824524085973,178074542210
1788000369,824833257653,178126157410
1788000384,825449371332,178229451889
1788000399,825918470252,178306842137
1788000414,826384028421,178384296114
1788000429,826845719252,178461290625
1788000444,827307476647,178538351700
1788000459,827920837343,178640531596
1788000474,828387444290,178717592559
1788000489,828808661619,178787471392
1788000504,829312206502,178871323731
1788000519,829781042641,178948778878
1788000534,830239194448,179025969917
1788000549,830705343780,179102835409
1788000564,831163301599,179180618892
1788000579,831785838023,179283848052
1788000594,832255918686,179361302539
1788000609,832718659555,179438560656
1788000624,833187364174,179516080891
1788000639,833656987219,179593602048
1788000654,834118549112,179670729765
1788000669,834575915133,179747528234
1788000684,835055383321,179827685574
1788000699,835662699899,179928605480
1788000714,836123933828,180005732913
1788000729,836587330823,180083122868
1788000744,837051843171,180160710672
1788000759,837524087245,180238100346
1788000774,837986172895,180315948428
1788000789,838454221874,180394189279
1788000804,839080495292,180497878633
1788000819,839545989951,180575727852
1788000834,839959728488,180644681493
1788000849,840319999783,180704994516
1788000864,840939782573,180808157018
1788000879,841398197634,180885152559
1788000894,841859561703,180962606740
1788000909,842328594530,181039865359
1788000924,842951327691,181142832504
1788000939,843421409356,181220615673
1788000954,843887428007,181298661204
1788000970,844356985922,181375396335
1788000985,844829034326,181453376771
1788001000,845296232583,181530832436
1788001015,845770379498,181608683159
1788001030,846391144875,181711255384
1788001045,846858015242,181788186551
1788001060,847329275778,181865444655
1788001076,847794834873,181942506342
1788001091,848261966969,182020289062
1788001106,848722086274,182098005807
1788001121,849343967423,182201628268
1788001136,849738937496,182266952261
1788001151,850278165822,182356472555
1788001166,850743004140,182433206681
1788001181,851212823982,182511055707
1788001196,851684150381,182588314138
1788001211,852154821405,182665441482
1788001226,852715104261,182758518194
1788001241,853198703189,182838939650
1788001256,853555367382,182898267011
1788001271,854178952132,183001889137
1788001286,854643265444,183079343441
1788001301,855110463547,183156274664
1788001316,855582051894,183233401827
1788001331,855948227119,183294310364
1788001346,856512840143,183387916156
1788001361,856981348859,183465174952
1788001376,857542743163,183557069352
1788001391,858069184030,183645074379
1788001406,858532907044,183722921425
1788001421,859003905886,183800442123
1788001436,859471824230,183877569299
1788001451,859940725877,183955417634
1788001466,860403533614,184033070299
1788001481,860869224753,184110395102
1788001496,861496349619,184212969824
1788001511,861965120628,184290032161
1788001526,862433760346,184367618567
1788001541,862901808997,184444548370
1788001556,863368418098,184521808095
1788001571,863835877974,184599394307
1788001586,864302091666,184676717375
1788001601,864762408036,184754434577
1788001616,865383044963,184857599248
1788001631,865850439682,184934530479
1788001646,866318227797,185011855106
1788001661,866783329088,185089114349
1788001676,867249674380,185166503481
1788001691,867775776599,185252660692
1788001706,868275513553,185336309582
1788001721,868813750942,185425297691
1788001736,869264956156,185501899129
1788001751,869729794172,185579353849
1788001766,870199744038,185657201827
1788001781,870671333357,185735050858
1788001796,871128045176,185812309237
1788001811,871727551472,185910334061
1788001826,872073455153,185966961838
1788001841,872699725615,186069009836
1788001856,873164890912,186146005405
1788001871,873633463883,186223262920
1788001886,874106363563,186300783912
1788001901,874578672484,186378238433
1788001916,875048294867,186455365712
1788001931,875510119255,186532166100
1788001946,875971943346,186609818159
1788001961,876591464686,186712194923
1788001976,877055845837,186788799562
1788001991,877522256349,186866384986
1788002006,877990765103,186943643820
1788002021,878454882529,187021229918
1788002036,878926289555,187100666128
1788002051,879422153457,187182473582
1788002066,880004737769,187278256486
1788002081,880472000841,187354990534
1788002096,880932840442,187432247927
1788002111,881393419119,187509244396
1788002126,881852883572,187586502897
1788002141,882316739638,187663106739
1788002156,882944650310,187766336195
1788002171,883310560630,187826455539
1788002186,883883108315,187921245784
1788002201,884348141793,187998306142
1788002216,884821106398,188074581339
1788002231,885289876447,188151577180
1788002246,885756222699,188229819240
1788002261,886287578249,188317496070
1788002276,886776032296,188398709413
1788002291,887154014761,188461267110
1788002307,887775700307,188563907536
1788002322,888243159920,188640903661
1788002337,888716386458,188717899543
1788002352,889182010968,188794502357
1788002367,889640885393,188871695118
1788002382,890113654136,188948691957
1788002397,890586029900,189025820105
1788002412,891089041947,189108680856
1788002427,891680089865,189206504838
1788002442,892146501422,189283698091
1788002457,892606752142,189360366603
1788002472,893074146048,189437428093
1788002487,893541082776,189514753301
1788002502,894006248703,189591946108
1788002517,894474561107,189669532880
1788002532,895090611077,189771715074
1788002547,895555056715,189848646344
1788002562,896002968158,189922347227
1788002577,896494106174,190002574523
1788002592,896954028577,190079504542
1788002607,897424371971,190156435328
1788002622,897891634782,190233758939
1788002637,898363288633,190310820534
1788002652,898986939126,190413525363
1788002667,899457872465,190491111630
1788002682,899930052056,190567846997
1788002697,900398559514,190644973463
1788002712,900871131560,190721970213
1788002727,901334920916,190799031633
1788002742,901808280250,190876553527
1788002757,902271610770,190954204687
1788002772,902889296569,191057039670
1788002787,903353413022,191133903899
1788002802,903821331228,191210768793
1788002817,904289249905,191288420590
1788002832,904758215331,191365153056
1788002847,905225347840,191441887613
1788002862,905693725321,191518621958
1788002877,906306822175,191621193372
1788002892,906778148462,191698517227
1788002907,907116187992,191755800533
1788002922,907702779627,191852838248
1788002937,908167355765,191930162162
1788002952,908628458760,192007224197
1788002967,909096902200,192084614325
1788002982,909567116181,192161677842
1788002997,910182967546,192264185719
1788003012,910647805425,192341181550
1788003027,911115200121,192417916150
1788003042,911582855487,192495239100
1788003057,912048544051,192572565952
1788003072,912512398369,192649692334
1788003087,912970550263,192726031492
1788003102,913433224651,192803223128
1788003117,914044946597,192905533746
1788003132,914511030897,192982399742
1788003147,914975082800,193059461565
1788003162,915446017321,193136328118
1788003177,915919508092,193213326089
1788003192,916381396323,193290124784
1788003207,916844004354,193366791311
1788003222,917466149157,193469759922
1788003237,917936100055,193547543396
1788003252,918250383875,193598700176
1788003267,918875149060,193701798801
1788003282,919337105207,193779058628
1788003297,919801943628,193855923929
1788003312,920266716521,193932658166
1788003327,920730244479,194009458188
1788003342,921193642854,194086456307
1788003357,921660972748,194163781465
1788003372,922268884790,194264772547
1788003387,922746904525,194343022682
1788003402,923214101232,194420083581
1788003417,923682216678,194496883571
1788003432,924150659765,194573617986
1788003447,924613007750,194650483219
1788003462,925097267100,194731499561
1788003477,925535802211,194804671472
1788003492,926148967962,194908491431
1788003507,926611644609,194985750862
1788003522,927068748617,195062680534
1788003537,927535290429,195139217610
1788003552,928001504034,195216016303
1788003567,928463589106,195293405055
1788003582,928926329000,195370793269
1788003597,929393985039,195447395996
1788003612,930012523719,195549969748
1788003627,930474870747,195626571880
1788003642,930945083206,195703175123
1788003657,931408480541,195780434346
1788003672,931865780635,195857297960
1788003687,932332584009,195934358742
1788003702,932803910921,196011486614
1788003717,933423694010,196113273159
1788003732,933879946690,196190400079
1788003747,934346554029,196267264826
1788003762,934812571717,196343736530
1788003777,935280095831,196420731620
1788003792,935749062178,196498185903
1788003807,936252406410,196581378839
1788003822,936672315171,196652242864
1788003837,937289805105,196754881982
1788003852,937752152385,196832467406
1788003867,938212073971,196909855360
1788003882,938678747237,196987113714
1788003897,939140765735,197066139828
1788003912,939601081598,197143725451
1788003927,940072670969,197222492038
1788003942,940542817753,197301716582
1788003957,941157228530,197409599615
1788003972,941615906958,197489938715
1788003987,942087233635,197570801904
1788004002,942550826951,197652058196
1788004017,943021955000,197733705797
1788004032,943492428634,197815354343
1788004047,943956481262,197899298171
1788004062,944578756238,198008819483
1788004077,945042937552,198092564317
1788004092,945507055080,198175458933
1788004107,945967503545,198260975942
1788004122,946436011887,198347147260
1788004137,946898425502,198432532267
1788004152,947369821548,198520018425
1788004167,947831706638,198606513307
1788004182,948458438881,198719967598
1788004197,948920327716,198808432305
1788004213,949229366814,198868434603
1788004228,949384670193,198906530544
1788004243,950001012636,199058365415
1788004258,950470111278,199172324473
1788004273,950933968120,199286808899
1788004288,951396840150,199403519777
1788004303,951869675730,199525868829
1788004318,952337069427,199640089022
1788004333,952804856758,199755423745
1788004348,953429819411,199906233438
1788004363,953893411668,200018945951
1788004378,954322364100,200125526799
1788004393,954821974123,200248239286
1788004408,955288844274,200355169341
1788004423,955757483585,200468472460
1788004438,956229073432,200581711459
1788004453,956693780919,200691672578
1788004468,957312714512,200832783195
1788004483,957782008614,200939401073
1788004498,958247633118,201045167401
1788004513,958709260041,201154931540
1788004528,959177638244,201262009775
1788004543,959650800426,201371250549
1788004558,960117146828,201476428055
1788004573,960586507047,201578524530
1788004588,961207011658,201716880789
1788004603,961671522726,201824286193
1788004618,962143570795,201929398198
1788004633,962609456802,202034246381
1788004648,963074621573,202138438864
1788004663,963541098433,202242370572
1788004678,964006396012,202345450679
1788004693,964630572762,202485185317
1788004708,965101899862,202591542433
1788004723,965470768990,202668317609
1788004738,966035049616,202793769179
1788004753,966500608999,202894882866
1788004768,966966363883,202998551350
1788004783,967426351525,203097501168
1788004798,967896368317,203201958152
1788004813,968521394593,203336709612
1788004828,968993899748,203439460655
1788004843,969461162504,203541753427
1788004858,969927967646,203644571625
1788004873,970395166089,203750863316
1788004888,970853646660,203851910543
1788004903,971317763737,203956300516
1788004918,971780373377,204055513036
1788004933,972402580867,204188363214
1788004948,972866305441,204285872620
1788004963,973325507157,204384298656
1788004978,973783530049,204482594444
1788004993,973783530049,204489975436
1788005008,973783530049,204489975436
1788005023,973783530049,204489975436
1788005038,973783530049,204489975436
1788005053,973783530049,204489975436
1788005068,976605827766,204939397431
1788005083,977185989037,205027989565
1788005098,977494767529,205072818697
1788005113,978121497255,205162871917
1788005128,978589939080,205238236242
1788005143,979054253237,205310908984
1788005158,979517321382,205380938988
1788005173,979981702545,205452943541
1788005188,980443788124,205525352410
1788005203,980901744821,205594987449
1788005218,981483609093,205679243133
1788005233,981996199845,205756323470
1788005248,982466739460,205830451976
1788005263,982933149550,205898384720
1788005278,983400348201,205971264523
1788005293,983705849059,206020639744
1788005308,984334809392,206115168970
1788005323,984807710322,206184615054
1788005338,985270975673,206259597616
1788005353,985788950564,206338064160
1788005368,986203209608,206400469640
1788005383,986819651038,206494607791
1788005398,987288551810,206564010522
1788005413,987754174859,206629716719
1788005428,988227008381,206698382546
1788005443,988686800762,206769164917
1788005458,989147836102,206839994790
1788005473,989611430178,206903207876
1788005488,990193557626,206985703259
1788005503,990698543610,207059637614
1788005518,991170787446,207128898375
1788005533,991634576873,207199345191
1788005548,992104985786,207275711348
1788005563,992417303497,207322516589
1788005578,993028438213,207412339765
1788005593,993489540647,207476136836
1788005608,993952018834,207548947904
1788005623,994521170915,207632506097
1788005638,994868259174,207682158593
1788005653,995487716216,207771101297
1788005668,995957337508,207836740244
1788005683,996423158574,207908626747
1788005698,996889701443,207974138039
1788005713,997354343799,208043287295
1788005728,997823049896,208107212651
1788005743,998352366547,208180561883
1788005758,998914423839,208259893908
1788005773,999372905299,208326009119
1788005788,999840037341,208392512421
1788005803,1000302057249,208458889888
1788005818,1000773646094,208522957186
1788005833,1001086880632,208565755071
1788005848,1001706532838,208654785719
1788005863,1002172354035,208723535378
1788005878,1002657003340,208796436054
1788005893,1003256255815,208874471619
1788005908,1003571784269,208919441673
1788005923,1004199038678,209008812031
1788005938,1004663745753,209071829131
1788005953,1005137104510,209142092249
1788005968,1005601811597,209206566521
1788005983,1006068419734,209268863754
1788005998,1006535553110,209337790745
1788006013,1007086127409,209416884542
1788006028,1007627779990,209492084435
1788006043,1008099236909,209560497418
1788006058,1008568007820,209626228637
1788006073,1009038351191,209694053513
1788006088,1009508759852,209758913734
1788006103,1009821273586,209804351568
1788006118,1010436010196,209888732457
1788006134,1010896195203,209959788234
1788006149,1011446178617,210030380294
1788006164,1011988615705,210103822368
1788006179,1012299360120,210147741444
1788006194,1012928714444,210233742486
1788006209,1013393879948,210293341222
1788006224,1013856031498,210360239730
1788006239,1014318051694,210422677146
1788006254,1014786624580,210486696356
1788006269,1015255330512,210552563318
1788006284,1015876098226,210636857945
1788006299,1016345130739,210700407656
1788006314,1016809773182,210762529872
1788006329,1017271857686,210824843353
1788006344,1017735777230,210884782491
1788006359,1018200483661,210949337638
1788006374,1018583845379,210998210192
1788006389,1019134880073,211070461919
1788006404,1019659937175,211145415229
1788006419,1020213865925,211219646430
1788006434,1020678704015,211279986850
1788006449,1020982304005,211320361808
1788006464,1021610935799,211404330782
1788006479,1022071644319,211465847492
1788006494,1022534517071,211528807386
1788006509,1022998437162,211587181319
1788006524,1023457769586,211649164283
1788006539,1023923197460,211714836748
1788006554,1024541670799,211796827614
1788006569,1025006246840,211859009707
1788006584,1025474755504,211923556657
1788006599,1025933956690,211985606903
1788006614,1026398139051,212050017705
1788006629,1026706720737,212091249470
1788006644,1027322498288,212176557466
1788006659,1027794619142,212233145337
1788006674,1028385211678,212314374956
1788006689,1028887370496,212381180414
1788006704,1029355026819,212440603950
1788006719,1029671473421,212480588385
1788006734,1030295911003,212566752969
1788006749,1030763697442,212623195931
1788006764,1031219163324,212682547970
1788006779,1031687408998,212741375859
1788006794,1032157620384,212807249310
1788006809,1032622130392,212864754678
1788006824,1033243356952,212946236068
1788006839,1033713307466,213010324253
1788006854,1034176704061,213074218261
1788006869,1034638265391,213133511934
1788006884,1035107690593,213194842026
1788006899,1035573904735,213261569791
1788006914,1036037825082,213328891740
1788006929,1036542347638,213397342120
1788006944,1037124871406,213474026643
1788006959,1037590496084,213537599495
1788006974,1038049107561,213598922451
1788006989,1038362080280,213641551690
1788007004,1038985469534,213728633522
1788007020,1039451552528,213789238332
1788007035,1039911606436,213844384724
1788007050,1040498261907,213918297751
1788007065,1040842789438,213961385713
1788007080,1041467162459,214039449645
1788007095,1041934688943,214099337292
1788007110,1042246088487,214139389890
1788007125,1042866594683,214222596254
1788007140,1043323634742,214287747203
1788007155,1043788210501,214352639983
1788007170,1044283680490,214418769078
1788007185,1044795360345,214485904196
1788007200,1045335443281,214554410027
1788007215,1045800346917,214611595655
1788007230,1046269117610,214668524483
1788007245,1046733234595,214726895779
1788007260,1047036376447,214766882631
1788007275,1047658454482,214845666375
1788007290,1048130632913,214904101057
1788007305,1048587346866,214962934504
1788007320,1049209356992,215047393895
1788007335,1049517087264,215087785785
1788007350,1050142703076,215162103248
1788007365,1050605642020,215226990057
1788007380,1051064581009,215292948641
1788007395,1051535449330,215354944354
1788007410,1052008545601,215417780388
1788007425,1052472662869,215476421520
1788007440,1053086090581,215552447053
1788007455,1053560693668,215610025207
1788007470,1054031889631,215668594503
1788007485,1054500988107,215732633194
1788007500,1054968774819,215797134995
1788007515,1055425420470,215858943383
1788007530,1055892486984,215913897283
1788007545,1056405148620,215981826593
1788007560,1056978749351,216055619128
1788007575,1057448765110,216118474587
1788007590,1057758133493,216157749607
1788007605,1058225659692,216219019235
1788007620,1058836922349,216301177284
1788007635,1059300907796,216363103888
1788007650,1059764238372,216419375883
1788007665,1060221671406,216481048493
1788007680,1060681068992,216539104028
1788007695,1061290494031,216618438622
1788007710,1061760053704,216677801162
1788007725,1062224236742,216736232033
1788007740,1062696153396,216793880795
1788007755,1063159025776,216853189008
1788007770,1063624061292,216907872961
1788007785,1064091849031,216971981925
1788007800,1064657644397,217040641211
1788007815,1065179357145,217108842793
1788007830,1065636854523,217170916834
1788007845,1066104117322,217226004892
1788007860,1066565744511,217282735879
1788007875,1066880814052,217319366343
1788007890,1067509052397,217395010118
1788007905,1067979658834,217458531632
1788007920,1068494352874,217524559391
1788007935,1069068278815,217599997881
1788007950,1069381907175,217639142680
1788007965,1069993303101,217712018050
1788007980,1070456372262,217774876992
1788007995,1070926059314,217833056767
1788008010,1071390898883,217890116978
1788008025,1071853246416,217944999155
1788008040,1072319134356,218002786602
1788008055,1072942523484,218076784765
1788008070,1073246976176,218118559989
1788008085,1073870824093,218196902982
1788008100,1074333894210,218257785131
1788008115,1074806008266,218315903096
1788008130,1075277137790,218373306065
1788008145,1075749971927,218433270355
1788008160,1076212450461,218494485960
1788008175,1076828498063,218571053517
1788008190,1077295563582,218627521989
1788008205,1077768332250,218687804396
1788008220,1078076193411,218726881125
1788008235,1078686869040,218810422151
1788008250,1079153739903,218866431077
1788008266,1079620609850,218927179314
1788008281,1080080663733,218988989847
1788008296,1080546352987,219041374343
1788008311,1081095289855,219109707837
1788008326,1081633663169,219173625312
1788008341,1082099681403,219234249880
1788008356,1082572057288,219298036360
1788008371,1083034340349,219356884120
1788008386,1083504553058,219415984965
1788008401,1083972209142,219476210552
1788008416,1084492873602,219541770394
1788008431,1085061089637,219611484322
1788008446,1085519438284,219671516969
1788008461,1085986308054,219728840044
1788008476,1086444986163,219789267174
1788008491,1086752846234,219828804441
1788008506,1087370533890,219905112418
1788008521,1087839436128,219961394457
1788008536,1088325134241,220023009216
1788008551,1088772194036,220078100134
1788008566,1089239194195,220133712427
1788008581,1089861404237,220210348288
1788008596,1090332861019,220265967977
1788008611,1090798354524,220324281628
1788008626,1091266730106,220379569771
1788008641,1091732354370,220438298058
1788008656,1092201059155,220498266641
1788008671,1092742850477,220563843042
1788008686,1093285026887,220630597572
1788008701,1093756420124,220686219091
1788008716,1094228992672,220739929364
1788008731,1094699795878,220799367366
1788008746,1095165945832,220855519230
1788008761,1095501618867,220895922305
1788008776,1096089394257,220967490102
1788008791,1096560523009,221025016878
1788008806,1097182537748,221099734977
1788008821,1097651899493,221159702855
1788008836,1097964282359,221196741129
1788008851,1098584327297,221269092454
1788008866,1099050606388,221322665721
1788008881,1099507647263,221377162987
1788008896,1099976286289,221432719003
1788008911,1100440861829,221487479693
1788008926,1100914811313,221547839925
1788008941,1101540101886,221618615404
1788008956,1101999172424,221674569566
1788008971,1102468074057,221730116979
1788008986,1102934092545,221788304798
1788009001,1103403714414,221843464959
1788009016,1103868486761,221899611044
1788009031,1104332538613,221954223976
1788009046,1104332569443,221954282364
1788009061,1104332569443,221954282364
