1787888959,639638, 268
1787888959,639638, 264
1787888959,639638, 264
1787888959,639638, 264
1787888974,639638, 43486
1787888974,639638, 264
1787888974,639638, 264
1787888974,639638, 264
1787888990,639638, 43486
1787888990,639638, 264
1787888990,639638, 264
1787888990,639638, 264
1787889005,639638, 43486
1787889005,639638, 264
1787889005,639638, 264
1787889005,639638, 264
1787889020,639638, 43486
1787889020,639638, 264
1787889020,639638, 264
1787889020,639638, 264
1787889035,639638, 43486
1787889035,639638, 264
1787889035,639638, 264
1787889035,639638, 264
1787889050,639638, 43486
1787889050,639638, 264
1787889050,639638, 264
1787889050,639638, 264
1787889065,639638, 43486
1787889065,639638, 264
1787889065,639638, 264
1787889065,639638, 264
1787889083,639638, 43486
1787889083,639638, 264
1787889083,639638, 264
1787889083,639638, 264
1787889098,639638, 43486
1787889098,639638, 264
1787889098,639638, 264
1787889098,639638, 264
1787889120,639638, 43486
1787889120,639638, 264
1787889120,639638, 264
1787889120,639638, 264
1787889135,639638, 43486
1787889135,639638, 43482
1787889135,639638, 43482
1787889135,639638, 43482
1787889150,639638, 43486
1787889150,639638, 43482
1787889150,639638, 43482
1787889150,639638, 43482
1787889204,639638, 43486
1787889204,639638, 43482
1787889204,639638, 43482
1787889204,639638, 43482
1787889220,639638, 43644
1787889220,639638, 43640
1787889220,639638, 43640
1787889220,639638, 43640
1787889235,639638, 43644
1787889235,639638, 43640
1787889235,639638, 43640
1787889235,639638, 43640
1787889250,639638, 43644
1787889250,639638, 43640
1787889250,639638, 43640
1787889250,639638, 43640
1787889265,639638, 43644
1787889265,639638, 43640
1787889265,639638, 43640
1787889265,639638, 43640
1787889280,639638, 43644
1787889280,639638, 43640
1787889280,639638, 43640
1787889280,639638, 43640
1787889331,639638, 43644
1787889331,639638, 43640
1787889331,639638, 43640
1787889331,639638, 43640
1787889346,639638, 43644
1787889346,639638, 43640
1787889346,639638, 43640
1787889346,639638, 43640
1787889361,639638, 43644
1787889361,639638, 43640
1787889361,639638, 43640
1787889361,639638, 43640
1787889376,639638, 43644
1787889376,639638, 43640
1787889376,639638, 43640
1787889376,639638, 43640
1787889391,639638, 43658
1787889391,639638, 43640
1787889391,639638, 43640
1787889391,639638, 43640
1787889406,639638, 43658
1787889406,639638, 43640
1787889406,639638, 43640
1787889406,639638, 43640
1787889421,639638, 43668
1787889421,639638, 43640
1787889421,639638, 43640
1787889421,639638, 43640
1787889436,639638, 43680
1787889436,639638, 43640
1787889436,639638, 43640
1787889436,639638, 43640
1787889452,639638, 43680
1787889452,639638, 43640
1787889452,639638, 43640
1787889452,639638, 43640
1787889467,639638, 43680
1787889467,639638, 43640
1787889467,639638, 43640
1787889467,639638, 43640
1787889483,639638, 43680
1787889483,639638, 43640
1787889483,639638, 43640
1787889483,639638, 43640
1787889498,639638, 43680
1787889498,639638, 43642
1787889498,639638, 43642
1787889498,639638, 43642
1787889567,639638, 43680
1787889567,639638, 43642
1787889567,639638, 43642
1787889567,639638, 43642
1787889582,639638, 43792
1787889582,639638, 43774
1787889582,639638, 43774
1787889582,639638, 43774
1787889597,639638, 43792
1787889597,639638, 43774
1787889597,639638, 43774
1787889597,639638, 43774
1787889612,639638, 43792
1787889612,639638, 43774
1787889612,639638, 43774
1787889612,639638, 43774
1787889627,639638, 43792
1787889627,639638, 43774
1787889627,639638, 43774
1787889627,639638, 43774
1787889642,639638, 43792
1787889642,639638, 43774
1787889642,639638, 43774
1787889642,639638, 43774
1787889657,639638, 43792
1787889657,639638, 43774
1787889657,639638, 43774
1787889657,639638, 43774
1787889672,639638, 43792
1787889672,639638, 43774
1787889672,639638, 43774
1787889672,639638, 43774
1787889687,639638, 43792
1787889687,639638, 43774
1787889687,639638, 43774
1787889687,639638, 43774
1787889722,639638, 43792
1787889722,639638, 43774
1787889722,639638, 43774
1787889722,639638, 43774
1787889739,639638, 43792
1787889739,639638, 43774
1787889739,639638, 43774
1787889739,639638, 43774
1787889754,639638, 43792
1787889754,639638, 43774
1787889754,639638, 43774
1787889754,639638, 43774
1787889840,639638, 43792
1787889840,639638, 43774
1787889840,639638, 43774
1787889840,639638, 43774
1787889856,639638, 43792
1787889856,639638, 43774
1787889856,639638, 43774
1787889856,639638, 43774
1787889871,639638, 43792
1787889871,639638, 43774
1787889871,639638, 43774
1787889871,639638, 43774
1787889886,639638, 43792
1787889886,639638, 43774
1787889886,639638, 43774
1787889886,639638, 43774
1787889903,639638, 43792
1787889903,639638, 43774
1787889903,639638, 43774
1787889903,639638, 43774
1787889918,639638, 43792
1787889918,639638, 43774
1787889918,639638, 43774
1787889918,639638, 43774
1787889933,639638, 43792
1787889933,639638, 43774
1787889933,639638, 43774
1787889933,639638, 43774
1787889948,639638, 43792
1787889948,639638, 43774
1787889948,639638, 43774
1787889948,639638, 43774
1787889973,639638, 43792
1787889973,639638, 43774
1787889973,639638, 43774
1787889973,639638, 43774
1787889988,639638, 43792
1787889988,639638, 43774
1787889988,639638, 43774
1787889988,639638, 43774
1787890003,639638, 43792
1787890003,639638, 43774
1787890003,639638, 43774
1787890003,639638, 43774
1787890018,639638, 43792
1787890018,639638, 43774
1787890018,639638, 43774
1787890018,639638, 43774
1787890093,639638, 43792
1787890093,639638, 43774
1787890093,639638, 43774
1787890093,639638, 43774
1787890108,639638, 43792
1787890108,639638, 43774
1787890108,639638, 43774
1787890108,639638, 43774
1787890123,639638, 43792
1787890123,639638, 43774
1787890123,639638, 43774
1787890123,639638, 43774
1787890138,639638, 43792
1787890138,639638, 43774
1787890138,639638, 43774
1787890138,639638, 43774
1787890153,639638, 43792
1787890153,639638, 43774
1787890153,639638, 43774
1787890153,639638, 43774
1787890168,639638, 43792
1787890168,639638, 43774
1787890168,639638, 43774
1787890168,639638, 43774
1787890183,639638, 43792
1787890183,639638, 43774
1787890183,639638, 43774
1787890183,639638, 43774
1787890198,639638, 43792
1787890198,639638, 43774
1787890198,639638, 43774
1787890198,639638, 43774
1787890216,639638, 43792
1787890216,639638, 43774
1787890216,639638, 43774
1787890216,639638, 43774
1787890231,639638, 43792
1787890231,639638, 43774
1787890231,639638, 43774
1787890231,639638, 43774
1787890246,639638, 43792
1787890246,639638, 43774
1787890246,639638, 43774
1787890246,639638, 43774
1787890261,639638, 43792
1787890261,639638, 43774
1787890261,639638, 43774
1787890261,639638, 43774
1787890278,639638, 43792
1787890278,639638, 43774
1787890278,639638, 43774
1787890278,639638, 43774
1787890298,639638, 43792
1787890298,639638, 43774
1787890298,639638, 43774
1787890298,639638, 43774
1787890313,639638, 43792
1787890313,639638, 43774
1787890313,639638, 43774
1787890313,639638, 43774
1787890328,639638, 43792
1787890328,639638, 43774
1787890328,639638, 43774
1787890328,639638, 43774
1787890344,639638, 43792
1787890344,639638, 43774
1787890344,639638, 43774
1787890344,639638, 43774
1787890359,639638, 43792
1787890359,639638, 43774
1787890359,639638, 43774
1787890359,639638, 43774
1787890374,639638, 43792
1787890374,639638, 43774
1787890374,639638, 43774
1787890374,639638, 43774
1787890389,639638, 43792
1787890389,639638, 43774
1787890389,639638, 43774
1787890389,639638, 43774
1787890429,639638, 43792
1787890429,639638, 43774
1787890429,639638, 43774
1787890429,639638, 43774
1787890444,639638, 43792
1787890444,639638, 43774
1787890444,639638, 43774
1787890444,639638, 43774
1787890459,639638, 43792
1787890459,639638, 43774
1787890459,639638, 43774
1787890459,639638, 43774
1787890478,639638, 43792
1787890478,639638, 43774
1787890478,639638, 43774
1787890478,639638, 43774
1787890493,639638, 43792
1787890493,639638, 43774
1787890493,639638, 43774
1787890493,639638, 43774
1787890508,639638, 43792
1787890508,639638, 43774
1787890508,639638, 43774
1787890508,639638, 43774
1787890523,639638, 43792
1787890523,639638, 43774
1787890523,639638, 43774
1787890523,639638, 43774
1787890538,639638, 43792
1787890538,639638, 43774
1787890538,639638, 43774
1787890538,639638, 43774
1787890556,639638, 43792
1787890556,639638, 43774
1787890556,639638, 43774
1787890556,639638, 43774
1787890572,639638, 43792
1787890572,639638, 43774
1787890572,639638, 43774
1787890572,639638, 43774
1787890587,639638, 43792
1787890587,639638, 43774
1787890587,639638, 43774
1787890587,639638, 43774
1787890648,639638, 43792
1787890648,639638, 43774
1787890648,639638, 43774
1787890648,639638, 43774
1787890663,639638, 43792
1787890663,639638, 43774
1787890663,639638, 43774
1787890663,639638, 43774
1787890678,639638, 43792
1787890678,639638, 43774
1787890678,639638, 43774
1787890678,639638, 43774
1787890693,639638, 43792
1787890693,639638, 43774
1787890693,639638, 43774
1787890693,639638, 43774
1787890709,639638, 43792
1787890709,639638, 43774
1787890709,639638, 43774
1787890709,639638, 43774
1787890725,639638, 43792
1787890725,639638, 43774
1787890725,639638, 43774
1787890725,639638, 43774
1787890740,639638, 43792
1787890740,639638, 43774
1787890740,639638, 43774
1787890740,639638, 43774
1787890804,639638, 43792
1787890804,639638, 43774
1787890804,639638, 43774
1787890804,639638, 43774
1787890822,639638, 43792
1787890822,639638, 43774
1787890822,639638, 43774
1787890822,639638, 43774
1787890849,639638, 43792
1787890849,639638, 43774
1787890849,639638, 43774
1787890849,639638, 43774
1787890864,639638, 43792
1787890864,639638, 43774
1787890864,639638, 43774
1787890864,639638, 43774
1787890879,639638, 43792
1787890879,639638, 43774
1787890879,639638, 43774
1787890879,639638, 43774
1787890894,639638, 43792
1787890894,639638, 43774
1787890894,639638, 43774
1787890894,639638, 43774
1787890909,639638, 43792
1787890909,639638, 43774
1787890909,639638, 43774
1787890909,639638, 43774
1787890924,639638, 43792
1787890924,639638, 43774
1787890924,639638, 43774
1787890924,639638, 43774
1787890939,639638, 43792
1787890939,639638, 43774
1787890939,639638, 43774
1787890939,639638, 43774
1787890954,639638, 43792
1787890954,639638, 43774
1787890954,639638, 43774
1787890954,639638, 43774
1787890969,639638, 43792
1787890969,639638, 43774
1787890969,639638, 43774
1787890969,639638, 43774
1787890990,639638, 43792
1787890990,639638, 43774
1787890990,639638, 43774
1787890990,639638, 43774
1787891006,639638, 43792
1787891006,639638, 43774
1787891006,639638, 43774
1787891006,639638, 43774
1787891021,639638, 43792
1787891021,639638, 43774
1787891021,639638, 43774
1787891021,639638, 43774
1787891036,639638, 43792
1787891036,639638, 43774
1787891036,639638, 43774
1787891036,639638, 43774
1787891052,639638, 43792
1787891052,639638, 43774
1787891052,639638, 43774
1787891052,639638, 43774
1787891067,639638, 43792
1787891067,639638, 43774
1787891067,639638, 43774
1787891067,639638, 43774
1787891111,639638, 43792
1787891111,639638, 43774
1787891111,639638, 43774
1787891111,639638, 43774
1787891134,639638, 43792
1787891134,639638, 43774
1787891134,639638, 43774
1787891134,639638, 43774
1787891149,639638, 43792
1787891149,639638, 43774
1787891149,639638, 43774
1787891149,639638, 43774
1787891165,639638, 43792
1787891165,639638, 43774
1787891165,639638, 43774
1787891165,639638, 43774
1787891199,639638, 43792
1787891199,639638, 43774
1787891199,639638, 43774
1787891199,639638, 43774
1787891214,639638, 43792
1787891214,639638, 43774
1787891214,639638, 43774
1787891214,639638, 43774
1787891229,639638, 43792
1787891229,639638, 43774
1787891229,639638, 43774
1787891229,639638, 43774
1787891244,639638, 43792
1787891244,639638, 43774
1787891244,639638, 43774
1787891244,639638, 43774
1787891259,639638, 43792
1787891259,639638, 43774
1787891259,639638, 43774
1787891259,639638, 43774
1787891274,639638, 43792
1787891274,639638, 43774
1787891274,639638, 43774
1787891274,639638, 43774
1787891289,639638, 43792
1787891289,639638, 43774
1787891289,639638, 43774
1787891289,639638, 43774
1787891307,639638, 43792
1787891307,639638, 43774
1787891307,639638, 43774
1787891307,639638, 43774
1787891328,639638, 43792
1787891328,639638, 43774
1787891328,639638, 43774
1787891328,639638, 43774
1787891343,639638, 43792
1787891343,639638, 43774
1787891343,639638, 43774
1787891343,639638, 43774
1787891358,639638, 43792
1787891358,639638, 43774
1787891358,639638, 43774
1787891358,639638, 43774
1787891373,639638, 43792
1787891373,639638, 43774
1787891373,639638, 43774
1787891373,639638, 43774
1787891389,639638, 43792
1787891389,639638, 43774
1787891389,639638, 43774
1787891389,639638, 43774
1787891404,639638, 43792
1787891404,639638, 43774
1787891404,639638, 43774
1787891404,639638, 43774
1787891420,639638, 43792
1787891420,639638, 43774
1787891420,639638, 43774
1787891420,639638, 43774
1787891436,639638, 43792
1787891436,639638, 43774
1787891436,639638, 43774
1787891436,639638, 43774
1787891451,639638, 43792
1787891451,639638, 43774
1787891451,639638, 43774
1787891451,639638, 43774
1787891466,639638, 43792
1787891466,639638, 43774
1787891466,639638, 43774
1787891466,639638, 43774
1787891481,639638, 43792
1787891481,639638, 43774
1787891481,639638, 43774
1787891481,639638, 43774
1787891498,639638, 43792
1787891498,639638, 43774
1787891498,639638, 43774
1787891498,639638, 43774
1787891516,639638, 43792
1787891516,639638, 43774
1787891516,639638, 43774
1787891516,639638, 43774
1787891531,639638, 43792
1787891531,639638, 43774
1787891531,639638, 43774
1787891531,639638, 43774
1787891554,639638, 43792
1787891554,639638, 43774
1787891554,639638, 43774
1787891554,639638, 43774
1787891569,639638, 43792
1787891569,639638, 43774
1787891569,639638, 43774
1787891569,639638, 43774
1787891584,639638, 43792
1787891584,639638, 43774
1787891584,639638, 43774
1787891584,639638, 43774
1787891600,639638, 43792
1787891600,639638, 43774
1787891600,639638, 43774
1787891600,639638, 43774
1787891615,639638, 43792
1787891615,639638, 43774
1787891615,639638, 43774
1787891615,639638, 43774
1787891630,639638, 43792
1787891630,639638, 43774
1787891630,639638, 43774
1787891630,639638, 43774
1787891645,639638, 43792
1787891645,639638, 43774
1787891645,639638, 43774
1787891645,639638, 43774
1787891660,639638, 43792
1787891660,639638, 43774
1787891660,639638, 43774
1787891660,639638, 43774
1787891675,639638, 43792
1787891675,639638, 43774
1787891675,639638, 43774
1787891675,639638, 43774
1787891690,639638, 43792
1787891690,639638, 43774
1787891690,639638, 43774
1787891690,639638, 43774
1787891705,639638, 43792
1787891705,639638, 43774
1787891705,639638, 43774
1787891705,639638, 43774
1787891720,639638, 43792
1787891720,639638, 43774
1787891720,639638, 43774
1787891720,639638, 43774
1787891735,639638, 43792
1787891735,639638, 43774
1787891735,639638, 43774
1787891735,639638, 43774
1787891754,639638, 43792
1787891754,639638, 43774
1787891754,639638, 43774
1787891754,639638, 43774
1787891782,639638, 43792
1787891782,639638, 43774
1787891782,639638, 43774
1787891782,639638, 43774
1787891797,639638, 43792
1787891797,639638, 43774
1787891797,639638, 43774
1787891797,639638, 43774
1787891812,639638, 43792
1787891812,639638, 43774
1787891812,639638, 43774
1787891812,639638, 43774
1787891827,639638, 43792
1787891827,639638, 43774
1787891827,639638, 43774
1787891827,639638, 43774
1787891843,639638, 43792
1787891843,639638, 43774
1787891843,639638, 43774
1787891843,639638, 43774
1787891859,639638, 43792
1787891859,639638, 43774
1787891859,639638, 43774
1787891859,639638, 43774
1787891880,639638, 43792
1787891880,639638, 43774
1787891880,639638, 43774
1787891880,639638, 43774
1787891895,639638, 43792
1787891895,639638, 43774
1787891895,639638, 43774
1787891895,639638, 43774
1787891910,639638, 43792
1787891910,639638, 43774
1787891910,639638, 43774
1787891910,639638, 43774
1787891925,639638, 43792
1787891925,639638, 43774
1787891925,639638, 43774
1787891925,639638, 43774
1787891940,639638, 43792
1787891940,639638, 43774
1787891940,639638, 43774
1787891940,639638, 43774
1787891955,639638, 43792
1787891955,639638, 43774
1787891955,639638, 43774
1787891955,639638, 43774
1787891970,639638, 43792
1787891970,639638, 43774
1787891970,639638, 43774
1787891970,639638, 43774
1787891985,639638, 43792
1787891985,639638, 43774
1787891985,639638, 43774
1787891985,639638, 43774
1787892000,639638, 43792
1787892000,639638, 43774
1787892000,639638, 43774
1787892000,639638, 43774
1787892015,639638, 43792
1787892015,639638, 43774
1787892015,639638, 43774
1787892015,639638, 43774
1787892030,639638, 43792
1787892030,639638, 43774
1787892030,639638, 43774
1787892030,639638, 43774
1787892045,639638, 43792
1787892045,639638, 43774
1787892045,639638, 43774
1787892045,639638, 43774
1787892107,639638, 43792
1787892107,639638, 43774
1787892107,639638, 43774
1787892107,639638, 43774
1787892146,639638, 43792
1787892146,639638, 43774
1787892146,639638, 43774
1787892146,639638, 43774
1787892161,639638, 43792
1787892161,639638, 43774
1787892161,639638, 43774
1787892161,639638, 43774
1787892176,639638, 43792
1787892176,639638, 43774
1787892176,639638, 43774
1787892176,639638, 43774
1787892192,639638, 43792
1787892192,639638, 43774
1787892192,639638, 43774
1787892192,639638, 43774
1787892210,639638, 43792
1787892210,639638, 43774
1787892210,639638, 43774
1787892210,639638, 43774
1787892225,639638, 43792
1787892225,639638, 43774
1787892225,639638, 43774
1787892225,639638, 43774
1787892240,639638, 43792
1787892240,639638, 43774
1787892240,639638, 43774
1787892240,639638, 43774
1787892266,639638, 43792
1787892266,639638, 43774
1787892266,639638, 43774
1787892266,639638, 43774
1787892281,639638, 43792
1787892281,639638, 43774
1787892281,639638, 43774
1787892281,639638, 43774
1787892296,639638, 43792
1787892296,639638, 43774
1787892296,639638, 43774
1787892296,639638, 43774
1787892311,639638, 43792
1787892311,639638, 43774
1787892311,639638, 43774
1787892311,639638, 43774
1787892326,639638, 43792
1787892326,639638, 43774
1787892326,639638, 43774
1787892326,639638, 43774
1787892341,639638, 43792
1787892341,639638, 43774
1787892341,639638, 43774
1787892341,639638, 43774
1787892356,639638, 43792
1787892356,639638, 43774
1787892356,639638, 43774
1787892356,639638, 43774
1787892371,639638, 43792
1787892371,639638, 43774
1787892371,639638, 43774
1787892371,639638, 43774
1787892393,639638, 43792
1787892393,639638, 43774
1787892393,639638, 43774
1787892393,639638, 43774
1787892419,639638, 43792
1787892419,639638, 43774
1787892419,639638, 43774
1787892419,639638, 43774
1787892434,639638, 43792
1787892434,639638, 43774
1787892434,639638, 43774
1787892434,639638, 43774
1787892450,639638, 43792
1787892450,639638, 43774
1787892450,639638, 43774
1787892450,639638, 43774
1787892465,639638, 43792
1787892465,639638, 43774
1787892465,639638, 43774
1787892465,639638, 43774
1787892481,639638, 43792
1787892481,639638, 43774
1787892481,639638, 43774
1787892481,639638, 43774
1787892496,639638, 43792
1787892496,639638, 43774
1787892496,639638, 43774
1787892496,639638, 43774
1787892514,639638, 43792
1787892514,639638, 43774
1787892514,639638, 43774
1787892514,639638, 43774
1787892529,639638, 43792
1787892529,639638, 43774
1787892529,639638, 43774
1787892529,639638, 43774
1787892544,639638, 43792
1787892544,639638, 43774
1787892544,639638, 43774
1787892544,639638, 43774
1787892559,639638, 43792
1787892559,639638, 43774
1787892559,639638, 43774
1787892559,639638, 43774
1787892574,639638, 43792
1787892574,639638, 43774
1787892574,639638, 43774
1787892574,639638, 43774
1787892589,639638, 43792
1787892589,639638, 43774
1787892589,639638, 43774
1787892589,639638, 43774
1787892606,639638, 43792
1787892606,639638, 43774
1787892606,639638, 43774
1787892606,639638, 43774
1787892623,639638, 43792
1787892623,639638, 43774
1787892623,639638, 43774
1787892623,639638, 43774
1787892641,639638, 43792
1787892641,639638, 43774
1787892641,639638, 43774
1787892641,639638, 43774
1787892657,639638, 43792
1787892657,639638, 43774
1787892657,639638, 43774
1787892657,639638, 43774
1787892678,639638, 43792
1787892678,639638, 43774
1787892678,639638, 43774
1787892678,639638, 43774
1787892693,639638, 43792
1787892693,639638, 43774
1787892693,639638, 43774
1787892693,639638, 43774
1787892708,639638, 43792
1787892708,639638, 43774
1787892708,639638, 43774
1787892708,639638, 43774
1787892723,639638, 43792
1787892723,639638, 43774
1787892723,639638, 43774
1787892723,639638, 43774
1787892740,639638, 43792
1787892740,639638, 43774
1787892740,639638, 43774
1787892740,639638, 43774
1787892755,639638, 43792
1787892755,639638, 43774
1787892755,639638, 43774
1787892755,639638, 43774
1787892772,639638, 43792
1787892772,639638, 43774
1787892772,639638, 43774
1787892772,639638, 43774
1787892789,639638, 43792
1787892789,639638, 43774
1787892789,639638, 43774
1787892789,639638, 43774
1787892804,639638, 43792
1787892804,639638, 43774
1787892804,639638, 43774
1787892804,639638, 43774
1787892819,639638, 43792
1787892819,639638, 43774
1787892819,639638, 43774
1787892819,639638, 43774
