2026/08/27 01:25:12.734, 0, 0 %, 0 %, 1017 MiB, 65.29 W
2026/08/27 01:25:12.737, 1, 0 %, 0 %, 9 MiB, 67.91 W
2026/08/27 01:25:27.743, 0, 0 %, 0 %, 1017 MiB, 75.19 W
2026/08/27 01:25:27.747, 1, 0 %, 0 %, 9 MiB, 76.75 W
2026/08/27 01:25:42.868, 0, 0 %, 0 %, 1017 MiB, 53.42 W
2026/08/27 01:25:42.986, 1, 0 %, 0 %, 9 MiB, 61.37 W
2026/08/27 01:25:58.109, 0, 0 %, 0 %, 1017 MiB, 81.12 W
2026/08/27 01:25:58.186, 1, 0 %, 0 %, 9 MiB, 75.48 W
2026/08/27 01:26:13.333, 0, 0 %, 0 %, 1017 MiB, 59.39 W
2026/08/27 01:26:13.345, 1, 0 %, 0 %, 9 MiB, 61.93 W
2026/08/27 01:26:28.463, 0, 0 %, 0 %, 1017 MiB, 64.08 W
2026/08/27 01:26:28.567, 1, 0 %, 0 %, 9 MiB, 75.80 W
2026/08/27 01:26:43.721, 0, 0 %, 0 %, 1017 MiB, 55.55 W
2026/08/27 01:26:43.797, 1, 0 %, 0 %, 9 MiB, 56.88 W
2026/08/27 01:26:58.916, 0, 0 %, 0 %, 44646 MiB, 78.43 W
2026/08/27 01:26:58.935, 1, 0 %, 0 %, 440 MiB, 79.59 W
2026/08/27 01:27:14.051, 0, 0 %, 0 %, 44646 MiB, 60.16 W
2026/08/27 01:27:14.052, 1, 0 %, 0 %, 440 MiB, 61.96 W
2026/08/27 01:27:29.122, 0, 0 %, 0 %, 44646 MiB, 81.69 W
2026/08/27 01:27:29.123, 1, 0 %, 0 %, 440 MiB, 71.39 W
2026/08/27 01:27:44.223, 0, 0 %, 0 %, 44646 MiB, 61.68 W
2026/08/27 01:27:44.223, 1, 0 %, 0 %, 440 MiB, 63.61 W
2026/08/27 01:27:59.223, 0, 0 %, 0 %, 44646 MiB, 70.73 W
2026/08/27 01:27:59.224, 1, 0 %, 0 %, 440 MiB, 70.70 W
2026/08/27 01:28:14.224, 0, 0 %, 0 %, 44646 MiB, 70.73 W
2026/08/27 01:28:14.312, 1, 0 %, 0 %, 440 MiB, 71.01 W
2026/08/27 01:28:29.464, 0, 0 %, 0 %, 44646 MiB, 70.73 W
2026/08/27 01:28:29.526, 1, 0 %, 0 %, 440 MiB, 62.52 W
2026/08/27 01:28:44.530, 0, 0 %, 0 %, 44646 MiB, 70.73 W
2026/08/27 01:28:44.534, 1, 0 %, 0 %, 440 MiB, 64.13 W
2026/08/27 01:28:59.541, 0, 0 %, 0 %, 44646 MiB, 53.48 W
2026/08/27 01:28:59.541, 1, 0 %, 0 %, 440 MiB, 64.13 W
2026/08/27 01:29:14.656, 0, 0 %, 0 %, 44646 MiB, 70.14 W
2026/08/27 01:29:14.666, 1, 0 %, 0 %, 440 MiB, 64.13 W
2026/08/27 01:29:29.796, 0, 0 %, 0 %, 44646 MiB, 49.53 W
2026/08/27 01:29:29.796, 1, 0 %, 0 %, 440 MiB, 64.23 W
2026/08/27 01:29:44.806, 0, 0 %, 0 %, 44646 MiB, 60.64 W
2026/08/27 01:29:44.807, 1, 0 %, 0 %, 440 MiB, 62.36 W
2026/08/27 01:29:59.818, 0, 0 %, 0 %, 44646 MiB, 63.56 W
2026/08/27 01:29:59.818, 1, 0 %, 0 %, 440 MiB, 74.96 W
2026/08/27 01:30:14.842, 0, 0 %, 0 %, 44646 MiB, 60.19 W
2026/08/27 01:30:14.932, 1, 0 %, 0 %, 440 MiB, 56.15 W
2026/08/27 01:30:30.051, 0, 0 %, 0 %, 44646 MiB, 68.14 W
2026/08/27 01:30:30.076, 1, 0 %, 0 %, 440 MiB, 82.86 W
2026/08/27 01:30:45.217, 0, 0 %, 0 %, 44646 MiB, 59.10 W
2026/08/27 01:30:45.279, 1, 0 %, 0 %, 440 MiB, 82.86 W
2026/08/27 01:31:00.396, 0, 0 %, 0 %, 44646 MiB, 58.26 W
2026/08/27 01:31:00.478, 1, 0 %, 0 %, 440 MiB, 82.86 W
2026/08/27 01:31:15.597, 0, 0 %, 0 %, 44646 MiB, 67.29 W
2026/08/27 01:31:15.669, 1, 0 %, 0 %, 440 MiB, 57.05 W
2026/08/27 01:31:30.789, 0, 0 %, 0 %, 44646 MiB, 67.29 W
2026/08/27 01:31:30.894, 1, 0 %, 0 %, 440 MiB, 59.22 W
2026/08/27 01:31:46.013, 0, 0 %, 0 %, 44886 MiB, 67.29 W
2026/08/27 01:31:46.013, 1, 0 %, 0 %, 43874 MiB, 84.46 W
2026/08/27 01:32:01.028, 0, 0 %, 0 %, 44896 MiB, 65.00 W
2026/08/27 01:32:01.028, 1, 1 %, 0 %, 43882 MiB, 84.97 W
2026/08/27 01:32:16.040, 0, 0 %, 0 %, 44896 MiB, 83.52 W
2026/08/27 01:32:16.040, 1, 5 %, 0 %, 43882 MiB, 78.59 W
2026/08/27 01:32:31.049, 0, 0 %, 0 %, 44896 MiB, 80.03 W
2026/08/27 01:32:31.049, 1, 0 %, 0 %, 43882 MiB, 70.14 W
2026/08/27 01:32:46.051, 0, 0 %, 0 %, 44896 MiB, 68.85 W
2026/08/27 01:32:46.099, 1, 1 %, 0 %, 43882 MiB, 80.35 W
2026/08/27 01:33:01.233, 0, 0 %, 0 %, 44896 MiB, 76.45 W
2026/08/27 01:33:01.233, 1, 0 %, 0 %, 43882 MiB, 89.44 W
2026/08/27 01:33:16.342, 0, 0 %, 0 %, 44896 MiB, 84.01 W
2026/08/27 01:33:16.342, 1, 0 %, 0 %, 43882 MiB, 89.44 W
2026/08/27 01:33:31.351, 0, 0 %, 0 %, 44896 MiB, 84.94 W
2026/08/27 01:33:31.352, 1, 0 %, 0 %, 43882 MiB, 89.44 W
2026/08/27 01:33:46.359, 0, 100 %, 29 %, 44984 MiB, 253.60 W
2026/08/27 01:33:46.401, 1, 100 %, 28 %, 43976 MiB, 81.74 W
2026/08/27 01:34:01.520, 0, 100 %, 29 %, 44998 MiB, 260.02 W
2026/08/27 01:34:01.644, 1, 100 %, 27 %, 43988 MiB, 297.03 W
2026/08/27 01:34:16.648, 0, 100 %, 34 %, 44998 MiB, 271.79 W
2026/08/27 01:34:16.743, 1, 100 %, 26 %, 43988 MiB, 279.55 W
2026/08/27 01:34:31.959, 0, 100 %, 25 %, 44998 MiB, 290.55 W
2026/08/27 01:34:31.959, 1, 93 %, 21 %, 43988 MiB, 280.58 W
2026/08/27 01:34:47.056, 0, 67 %, 12 %, 44998 MiB, 289.52 W
2026/08/27 01:34:47.056, 1, 100 %, 28 %, 43988 MiB, 277.35 W
2026/08/27 01:35:02.069, 0, 100 %, 26 %, 44998 MiB, 277.31 W
2026/08/27 01:35:02.261, 1, 100 %, 25 %, 43988 MiB, 298.78 W
2026/08/27 01:35:17.468, 0, 100 %, 29 %, 44998 MiB, 265.07 W
2026/08/27 01:35:17.668, 1, 100 %, 34 %, 43988 MiB, 279.51 W
2026/08/27 01:35:32.884, 0, 100 %, 29 %, 44998 MiB, 260.96 W
2026/08/27 01:35:32.884, 1, 100 %, 28 %, 43988 MiB, 267.53 W
2026/08/27 01:35:47.896, 0, 100 %, 24 %, 44998 MiB, 288.16 W
2026/08/27 01:35:48.094, 1, 100 %, 27 %, 43988 MiB, 286.00 W
2026/08/27 01:36:03.319, 0, 79 %, 18 %, 44998 MiB, 285.89 W
2026/08/27 01:36:03.451, 1, 100 %, 27 %, 43988 MiB, 281.65 W
2026/08/27 01:36:18.680, 0, 100 %, 26 %, 44998 MiB, 289.34 W
2026/08/27 01:36:18.884, 1, 100 %, 27 %, 43988 MiB, 298.45 W
2026/08/27 01:36:34.105, 0, 100 %, 36 %, 44998 MiB, 281.39 W
2026/08/27 01:36:34.257, 1, 100 %, 26 %, 43988 MiB, 277.09 W
2026/08/27 01:36:49.467, 0, 80 %, 18 %, 44998 MiB, 283.07 W
2026/08/27 01:36:49.467, 1, 100 %, 27 %, 43988 MiB, 281.85 W
2026/08/27 01:37:04.710, 0, 0 %, 0 %, 44998 MiB, 284.06 W
2026/08/27 01:37:04.710, 1, 100 %, 24 %, 43988 MiB, 299.65 W
2026/08/27 01:37:19.730, 0, 0 %, 0 %, 44998 MiB, 284.06 W
2026/08/27 01:37:19.730, 1, 100 %, 24 %, 43988 MiB, 105.95 W
2026/08/27 01:37:34.743, 0, 0 %, 0 %, 44998 MiB, 284.06 W
2026/08/27 01:37:34.744, 1, 100 %, 24 %, 43988 MiB, 85.29 W
2026/08/27 01:37:49.845, 0, 0 %, 0 %, 44998 MiB, 284.06 W
2026/08/27 01:37:49.846, 1, 100 %, 24 %, 43988 MiB, 99.07 W
2026/08/27 01:38:04.846, 0, 0 %, 0 %, 44998 MiB, 284.06 W
2026/08/27 01:38:04.967, 1, 100 %, 24 %, 43988 MiB, 92.15 W
2026/08/27 01:38:20.104, 0, 0 %, 0 %, 44998 MiB, 284.06 W
2026/08/27 01:38:20.110, 1, 100 %, 24 %, 43988 MiB, 97.02 W
2026/08/27 01:38:35.221, 0, 100 %, 32 %, 44998 MiB, 258.01 W
2026/08/27 01:38:35.224, 1, 100 %, 27 %, 43988 MiB, 291.75 W
2026/08/27 01:38:50.287, 0, 100 %, 37 %, 44998 MiB, 275.27 W
2026/08/27 01:38:50.288, 1, 100 %, 27 %, 43988 MiB, 281.09 W
2026/08/27 01:39:05.387, 0, 100 %, 32 %, 44998 MiB, 270.26 W
2026/08/27 01:39:05.387, 1, 100 %, 23 %, 43988 MiB, 281.25 W
2026/08/27 01:39:20.387, 0, 100 %, 26 %, 44998 MiB, 271.39 W
2026/08/27 01:39:20.571, 1, 100 %, 26 %, 43988 MiB, 281.47 W
2026/08/27 01:39:35.785, 0, 100 %, 29 %, 44998 MiB, 267.48 W
2026/08/27 01:39:35.964, 1, 100 %, 25 %, 43988 MiB, 278.80 W
2026/08/27 01:39:51.177, 0, 100 %, 26 %, 44998 MiB, 259.52 W
2026/08/27 01:39:51.178, 1, 100 %, 27 %, 43988 MiB, 275.29 W
2026/08/27 01:40:06.362, 0, 100 %, 26 %, 44998 MiB, 255.48 W
2026/08/27 01:40:06.363, 1, 100 %, 25 %, 43988 MiB, 273.92 W
2026/08/27 01:40:21.569, 0, 100 %, 26 %, 44998 MiB, 273.27 W
2026/08/27 01:40:21.750, 1, 100 %, 26 %, 43988 MiB, 275.66 W
2026/08/27 01:40:36.996, 0, 100 %, 25 %, 44998 MiB, 267.35 W
2026/08/27 01:40:37.016, 1, 100 %, 25 %, 43988 MiB, 299.84 W
2026/08/27 01:40:52.227, 0, 100 %, 26 %, 44998 MiB, 262.23 W
2026/08/27 01:40:52.399, 1, 100 %, 24 %, 43988 MiB, 298.84 W
2026/08/27 01:41:07.607, 0, 100 %, 26 %, 44998 MiB, 283.21 W
2026/08/27 01:41:07.607, 1, 100 %, 24 %, 43988 MiB, 297.74 W
2026/08/27 01:41:22.816, 0, 100 %, 34 %, 44998 MiB, 256.34 W
2026/08/27 01:41:22.816, 1, 100 %, 56 %, 43988 MiB, 277.89 W
2026/08/27 01:41:37.827, 0, 100 %, 27 %, 44998 MiB, 266.79 W
2026/08/27 01:41:37.828, 1, 100 %, 25 %, 43988 MiB, 294.33 W
2026/08/27 01:41:53.041, 0, 100 %, 27 %, 44998 MiB, 284.74 W
2026/08/27 01:41:53.091, 1, 0 %, 0 %, 43988 MiB, 115.81 W
2026/08/27 01:42:08.550, 0, 100 %, 27 %, 44998 MiB, 284.74 W
2026/08/27 01:42:08.583, 1, 0 %, 0 %, 43988 MiB, 106.53 W
2026/08/27 01:42:23.729, 0, 100 %, 27 %, 44998 MiB, 284.74 W
2026/08/27 01:42:23.729, 1, 0 %, 0 %, 43988 MiB, 79.40 W
2026/08/27 01:42:38.738, 0, 100 %, 27 %, 44998 MiB, 284.74 W
2026/08/27 01:42:38.738, 1, 5 %, 0 %, 43988 MiB, 80.23 W
2026/08/27 01:42:53.738, 0, 100 %, 27 %, 44998 MiB, 284.74 W
2026/08/27 01:42:53.742, 1, 1 %, 0 %, 43988 MiB, 98.72 W
2026/08/27 01:43:08.749, 0, 100 %, 27 %, 44998 MiB, 79.97 W
2026/08/27 01:43:08.749, 1, 0 %, 0 %, 43988 MiB, 76.40 W
2026/08/27 01:43:23.771, 0, 0 %, 0 %, 44998 MiB, 291.85 W
2026/08/27 01:43:23.779, 1, 0 %, 0 %, 43988 MiB, 85.59 W
2026/08/27 01:43:38.793, 0, 100 %, 27 %, 44998 MiB, 278.39 W
2026/08/27 01:43:38.793, 1, 100 %, 27 %, 43988 MiB, 277.64 W
2026/08/27 01:43:53.991, 0, 100 %, 28 %, 44998 MiB, 259.91 W
2026/08/27 01:43:53.993, 1, 100 %, 83 %, 43988 MiB, 264.25 W
2026/08/27 01:44:08.997, 0, 100 %, 24 %, 44998 MiB, 287.06 W
2026/08/27 01:44:09.222, 1, 100 %, 27 %, 43988 MiB, 272.35 W
2026/08/27 01:44:24.464, 0, 100 %, 26 %, 44998 MiB, 286.06 W
2026/08/27 01:44:24.656, 1, 100 %, 26 %, 43988 MiB, 295.64 W
2026/08/27 01:44:39.882, 0, 100 %, 27 %, 44998 MiB, 285.43 W
2026/08/27 01:44:40.027, 1, 45 %, 51 %, 43988 MiB, 297.79 W
2026/08/27 01:44:55.242, 0, 100 %, 27 %, 44998 MiB, 264.95 W
2026/08/27 01:44:55.320, 1, 83 %, 18 %, 43988 MiB, 277.06 W
2026/08/27 01:45:10.526, 0, 100 %, 27 %, 44998 MiB, 273.50 W
2026/08/27 01:45:10.706, 1, 100 %, 24 %, 43988 MiB, 288.89 W
2026/08/27 01:45:25.950, 0, 100 %, 23 %, 44998 MiB, 269.91 W
2026/08/27 01:45:25.964, 1, 100 %, 23 %, 43988 MiB, 300.07 W
2026/08/27 01:45:41.168, 0, 100 %, 21 %, 44998 MiB, 283.70 W
2026/08/27 01:45:41.179, 1, 23 %, 1 %, 43988 MiB, 296.05 W
2026/08/27 01:45:56.337, 0, 100 %, 25 %, 44998 MiB, 280.77 W
2026/08/27 01:45:56.397, 1, 100 %, 26 %, 43988 MiB, 279.75 W
2026/08/27 01:46:11.609, 0, 63 %, 70 %, 44998 MiB, 275.32 W
2026/08/27 01:46:11.730, 1, 100 %, 22 %, 43988 MiB, 278.99 W
2026/08/27 01:46:26.966, 0, 100 %, 25 %, 44998 MiB, 264.51 W
2026/08/27 01:46:26.966, 1, 100 %, 25 %, 43988 MiB, 279.60 W
2026/08/27 01:46:42.145, 0, 6 %, 0 %, 44998 MiB, 102.92 W
2026/08/27 01:46:42.258, 1, 100 %, 24 %, 43988 MiB, 297.01 W
2026/08/27 01:46:57.401, 0, 0 %, 0 %, 44998 MiB, 85.98 W
2026/08/27 01:46:57.428, 1, 100 %, 24 %, 43988 MiB, 297.01 W
2026/08/27 01:47:12.564, 0, 0 %, 0 %, 44998 MiB, 80.20 W
2026/08/27 01:47:12.564, 1, 100 %, 24 %, 43988 MiB, 101.34 W
2026/08/27 01:47:27.579, 0, 0 %, 0 %, 44998 MiB, 92.02 W
2026/08/27 01:47:27.579, 1, 100 %, 24 %, 43988 MiB, 86.55 W
2026/08/27 01:47:42.622, 0, 0 %, 0 %, 44998 MiB, 90.76 W
2026/08/27 01:47:42.622, 1, 100 %, 24 %, 43988 MiB, 99.45 W
2026/08/27 01:47:57.702, 0, 0 %, 0 %, 44998 MiB, 89.71 W
2026/08/27 01:47:57.702, 1, 100 %, 24 %, 43988 MiB, 98.74 W
2026/08/27 01:48:12.809, 0, 0 %, 0 %, 44998 MiB, 196.85 W
2026/08/27 01:48:12.932, 1, 100 %, 29 %, 43988 MiB, 242.58 W
2026/08/27 01:48:28.068, 0, 0 %, 0 %, 44998 MiB, 90.27 W
2026/08/27 01:48:28.068, 1, 100 %, 29 %, 43988 MiB, 242.58 W
2026/08/27 01:48:43.083, 0, 0 %, 0 %, 44998 MiB, 86.73 W
2026/08/27 01:48:43.084, 1, 100 %, 29 %, 43988 MiB, 242.58 W
2026/08/27 01:48:58.091, 0, 0 %, 0 %, 44998 MiB, 88.29 W
2026/08/27 01:48:58.092, 1, 100 %, 29 %, 43988 MiB, 242.58 W
2026/08/27 01:49:13.092, 0, 0 %, 0 %, 44998 MiB, 83.64 W
2026/08/27 01:49:13.092, 1, 100 %, 29 %, 43988 MiB, 242.58 W
2026/08/27 01:49:28.110, 0, 0 %, 0 %, 44998 MiB, 86.75 W
2026/08/27 01:49:28.142, 1, 100 %, 29 %, 43988 MiB, 242.58 W
2026/08/27 01:49:43.262, 0, 0 %, 0 %, 44998 MiB, 85.88 W
2026/08/27 01:49:43.263, 1, 100 %, 29 %, 43988 MiB, 242.58 W
2026/08/27 01:49:58.345, 0, 100 %, 29 %, 44998 MiB, 254.75 W
2026/08/27 01:49:58.345, 1, 38 %, 43 %, 43988 MiB, 258.59 W
2026/08/27 01:50:13.432, 0, 19 %, 1 %, 44998 MiB, 266.65 W
2026/08/27 01:50:13.432, 1, 100 %, 27 %, 43988 MiB, 269.28 W
2026/08/27 01:50:28.507, 0, 100 %, 27 %, 44998 MiB, 287.26 W
2026/08/27 01:50:28.508, 1, 41 %, 1 %, 43988 MiB, 272.24 W
2026/08/27 01:50:43.718, 0, 100 %, 25 %, 44998 MiB, 273.96 W
2026/08/27 01:50:43.730, 1, 100 %, 25 %, 43988 MiB, 278.19 W
2026/08/27 01:50:58.739, 0, 100 %, 27 %, 44998 MiB, 289.42 W
2026/08/27 01:50:58.947, 1, 100 %, 28 %, 43988 MiB, 283.58 W
2026/08/27 01:51:14.192, 0, 100 %, 30 %, 44998 MiB, 286.35 W
2026/08/27 01:51:14.385, 1, 100 %, 24 %, 43988 MiB, 295.23 W
2026/08/27 01:51:29.526, 0, 100 %, 26 %, 44998 MiB, 264.14 W
2026/08/27 01:51:29.666, 1, 100 %, 27 %, 43988 MiB, 295.25 W
2026/08/27 01:51:44.874, 0, 100 %, 23 %, 44998 MiB, 262.15 W
2026/08/27 01:51:44.875, 1, 99 %, 29 %, 43988 MiB, 272.10 W
2026/08/27 01:51:59.876, 0, 100 %, 25 %, 44998 MiB, 260.98 W
2026/08/27 01:51:59.935, 1, 100 %, 25 %, 43988 MiB, 298.60 W
2026/08/27 01:52:15.139, 0, 36 %, 39 %, 44998 MiB, 244.09 W
2026/08/27 01:52:15.143, 1, 100 %, 32 %, 43988 MiB, 257.79 W
2026/08/27 01:52:30.163, 0, 100 %, 80 %, 44998 MiB, 283.39 W
2026/08/27 01:52:30.163, 1, 100 %, 26 %, 43988 MiB, 297.98 W
2026/08/27 01:52:45.384, 0, 84 %, 92 %, 44998 MiB, 282.92 W
2026/08/27 01:52:45.437, 1, 100 %, 26 %, 43988 MiB, 294.67 W
2026/08/27 01:53:00.647, 0, 100 %, 23 %, 44998 MiB, 284.92 W
2026/08/27 01:53:00.647, 1, 100 %, 26 %, 43988 MiB, 298.99 W
2026/08/27 01:53:15.854, 0, 0 %, 0 %, 44998 MiB, 106.54 W
2026/08/27 01:53:15.855, 1, 100 %, 24 %, 43988 MiB, 106.83 W
2026/08/27 01:53:30.888, 0, 0 %, 0 %, 44998 MiB, 92.61 W
2026/08/27 01:53:30.889, 1, 100 %, 24 %, 43988 MiB, 107.39 W
2026/08/27 01:53:45.940, 0, 0 %, 0 %, 44998 MiB, 78.83 W
2026/08/27 01:53:45.940, 1, 100 %, 24 %, 43988 MiB, 103.36 W
2026/08/27 01:54:00.950, 0, 6 %, 0 %, 44998 MiB, 82.97 W
2026/08/27 01:54:00.995, 1, 0 %, 0 %, 43988 MiB, 77.80 W
2026/08/27 01:54:16.443, 0, 0 %, 0 %, 44998 MiB, 84.16 W
2026/08/27 01:54:16.443, 1, 0 %, 0 %, 43988 MiB, 92.41 W
2026/08/27 01:54:31.563, 0, 0 %, 0 %, 44998 MiB, 78.38 W
2026/08/27 01:54:31.563, 1, 0 %, 0 %, 43988 MiB, 77.57 W
2026/08/27 01:54:46.681, 0, 100 %, 27 %, 44998 MiB, 85.74 W
2026/08/27 01:54:46.682, 1, 100 %, 29 %, 43988 MiB, 95.16 W
2026/08/27 01:55:01.683, 0, 100 %, 29 %, 44998 MiB, 272.67 W
2026/08/27 01:55:01.754, 1, 100 %, 27 %, 43988 MiB, 283.68 W
2026/08/27 01:55:16.970, 0, 100 %, 26 %, 44998 MiB, 273.73 W
2026/08/27 01:55:16.974, 1, 51 %, 2 %, 43988 MiB, 285.15 W
2026/08/27 01:55:31.988, 0, 100 %, 27 %, 44998 MiB, 275.84 W
2026/08/27 01:55:31.988, 1, 9 %, 0 %, 43988 MiB, 279.99 W
2026/08/27 01:55:47.028, 0, 100 %, 27 %, 44998 MiB, 265.56 W
2026/08/27 01:55:47.034, 1, 100 %, 27 %, 43988 MiB, 298.55 W
2026/08/27 01:56:02.083, 0, 100 %, 26 %, 44998 MiB, 249.53 W
2026/08/27 01:56:02.084, 1, 100 %, 25 %, 43988 MiB, 248.80 W
2026/08/27 01:56:17.155, 0, 100 %, 26 %, 44998 MiB, 266.95 W
2026/08/27 01:56:17.339, 1, 100 %, 25 %, 43988 MiB, 276.35 W
2026/08/27 01:56:32.546, 0, 100 %, 26 %, 44998 MiB, 269.73 W
2026/08/27 01:56:32.546, 1, 100 %, 26 %, 43988 MiB, 296.84 W
2026/08/27 01:56:47.609, 0, 100 %, 23 %, 44998 MiB, 272.43 W
2026/08/27 01:56:47.609, 1, 100 %, 26 %, 43988 MiB, 300.66 W
2026/08/27 01:57:02.728, 0, 100 %, 83 %, 44998 MiB, 276.02 W
2026/08/27 01:57:02.844, 1, 100 %, 22 %, 43988 MiB, 271.03 W
2026/08/27 01:57:18.084, 0, 100 %, 25 %, 44998 MiB, 260.98 W
2026/08/27 01:57:18.104, 1, 100 %, 27 %, 43988 MiB, 276.59 W
2026/08/27 01:57:33.315, 0, 100 %, 74 %, 44998 MiB, 280.32 W
2026/08/27 01:57:33.315, 1, 100 %, 32 %, 43988 MiB, 273.76 W
2026/08/27 01:57:48.315, 0, 100 %, 22 %, 44998 MiB, 266.26 W
2026/08/27 01:57:48.316, 1, 100 %, 25 %, 43988 MiB, 280.93 W
2026/08/27 01:58:03.331, 0, 100 %, 25 %, 44998 MiB, 281.82 W
2026/08/27 01:58:03.331, 1, 100 %, 85 %, 43988 MiB, 267.98 W
2026/08/27 01:58:18.574, 0, 100 %, 22 %, 44998 MiB, 91.24 W
2026/08/27 01:58:18.574, 1, 100 %, 28 %, 43988 MiB, 87.13 W
2026/08/27 01:58:33.587, 0, 100 %, 22 %, 44998 MiB, 87.64 W
2026/08/27 01:58:33.587, 1, 100 %, 28 %, 43988 MiB, 80.92 W
2026/08/27 01:58:48.600, 0, 100 %, 22 %, 44998 MiB, 77.65 W
2026/08/27 01:58:48.600, 1, 100 %, 28 %, 43988 MiB, 85.74 W
2026/08/27 01:59:03.669, 0, 100 %, 22 %, 44998 MiB, 88.83 W
2026/08/27 01:59:03.779, 1, 100 %, 28 %, 43988 MiB, 78.05 W
2026/08/27 01:59:18.993, 0, 100 %, 22 %, 44998 MiB, 76.52 W
2026/08/27 01:59:18.993, 1, 0 %, 0 %, 43988 MiB, 81.29 W
2026/08/27 01:59:33.997, 0, 100 %, 22 %, 44998 MiB, 74.26 W
2026/08/27 01:59:33.997, 1, 5 %, 0 %, 43988 MiB, 83.38 W
2026/08/27 01:59:49.023, 0, 45 %, 1 %, 44998 MiB, 279.64 W
2026/08/27 01:59:49.023, 1, 100 %, 38 %, 43988 MiB, 298.62 W
2026/08/27 02:00:04.103, 0, 100 %, 26 %, 44998 MiB, 293.10 W
2026/08/27 02:00:04.103, 1, 100 %, 29 %, 43988 MiB, 294.73 W
2026/08/27 02:00:19.120, 0, 100 %, 100 %, 44998 MiB, 283.90 W
2026/08/27 02:00:19.120, 1, 100 %, 32 %, 43988 MiB, 267.77 W
2026/08/27 02:00:34.130, 0, 100 %, 26 %, 44998 MiB, 289.48 W
2026/08/27 02:00:34.134, 1, 100 %, 26 %, 43988 MiB, 279.61 W
2026/08/27 02:00:49.143, 0, 100 %, 27 %, 44998 MiB, 285.12 W
2026/08/27 02:00:49.143, 1, 100 %, 27 %, 43988 MiB, 298.36 W
2026/08/27 02:01:04.144, 0, 33 %, 24 %, 44998 MiB, 268.83 W
2026/08/27 02:01:04.144, 1, 100 %, 26 %, 43988 MiB, 299.13 W
2026/08/27 02:01:19.319, 0, 14 %, 15 %, 44998 MiB, 287.86 W
2026/08/27 02:01:19.433, 1, 100 %, 27 %, 43988 MiB, 298.93 W
2026/08/27 02:01:34.650, 0, 100 %, 27 %, 44998 MiB, 266.21 W
2026/08/27 02:01:34.857, 1, 100 %, 32 %, 43988 MiB, 280.33 W
2026/08/27 02:01:50.251, 0, 100 %, 27 %, 44998 MiB, 265.52 W
2026/08/27 02:01:50.351, 1, 100 %, 26 %, 43988 MiB, 271.46 W
2026/08/27 02:02:05.404, 0, 100 %, 26 %, 44998 MiB, 257.43 W
2026/08/27 02:02:05.522, 1, 100 %, 28 %, 43988 MiB, 268.32 W
2026/08/27 02:02:20.750, 0, 20 %, 22 %, 44998 MiB, 243.35 W
2026/08/27 02:02:20.766, 1, 100 %, 27 %, 43988 MiB, 268.36 W
2026/08/27 02:02:35.791, 0, 100 %, 52 %, 44998 MiB, 284.91 W
2026/08/27 02:02:35.915, 1, 100 %, 23 %, 43988 MiB, 267.88 W
2026/08/27 02:02:51.146, 0, 100 %, 26 %, 44998 MiB, 286.76 W
2026/08/27 02:02:51.253, 1, 100 %, 26 %, 43988 MiB, 298.87 W
2026/08/27 02:03:06.505, 0, 100 %, 27 %, 44998 MiB, 257.63 W
2026/08/27 02:03:06.508, 1, 100 %, 23 %, 43988 MiB, 109.31 W
2026/08/27 02:03:21.634, 0, 100 %, 27 %, 44998 MiB, 257.63 W
2026/08/27 02:03:21.634, 1, 100 %, 23 %, 43988 MiB, 84.46 W
2026/08/27 02:03:36.712, 0, 100 %, 27 %, 44998 MiB, 257.63 W
2026/08/27 02:03:36.712, 1, 100 %, 23 %, 43988 MiB, 103.80 W
2026/08/27 02:03:51.790, 0, 100 %, 27 %, 44998 MiB, 257.63 W
2026/08/27 02:03:51.821, 1, 100 %, 23 %, 43988 MiB, 100.13 W
2026/08/27 02:04:06.931, 0, 100 %, 27 %, 44998 MiB, 257.63 W
2026/08/27 02:04:06.932, 1, 100 %, 23 %, 43988 MiB, 90.90 W
2026/08/27 02:04:22.048, 0, 100 %, 27 %, 44998 MiB, 257.63 W
2026/08/27 02:04:22.049, 1, 100 %, 23 %, 43988 MiB, 94.81 W
2026/08/27 02:04:37.141, 0, 100 %, 28 %, 44998 MiB, 293.40 W
2026/08/27 02:04:37.142, 1, 100 %, 28 %, 43988 MiB, 298.39 W
2026/08/27 02:04:52.151, 0, 100 %, 29 %, 44998 MiB, 258.50 W
2026/08/27 02:04:52.343, 1, 100 %, 34 %, 43988 MiB, 266.00 W
2026/08/27 02:05:07.565, 0, 33 %, 35 %, 44998 MiB, 264.16 W
2026/08/27 02:05:07.565, 1, 100 %, 26 %, 43988 MiB, 268.24 W
2026/08/27 02:05:22.636, 0, 100 %, 27 %, 44998 MiB, 191.92 W
2026/08/27 02:05:22.636, 1, 0 %, 0 %, 43988 MiB, 212.60 W
2026/08/27 02:05:37.868, 0, 100 %, 24 %, 44998 MiB, 268.74 W
2026/08/27 02:05:37.868, 1, 100 %, 27 %, 43988 MiB, 274.36 W
2026/08/27 02:05:52.868, 0, 100 %, 32 %, 44998 MiB, 240.61 W
2026/08/27 02:05:52.926, 1, 100 %, 27 %, 43988 MiB, 250.41 W
2026/08/27 02:06:08.136, 0, 41 %, 45 %, 44998 MiB, 277.76 W
2026/08/27 02:06:08.254, 1, 100 %, 25 %, 43988 MiB, 272.64 W
2026/08/27 02:06:23.489, 0, 100 %, 26 %, 44998 MiB, 284.54 W
2026/08/27 02:06:23.679, 1, 100 %, 26 %, 43988 MiB, 290.83 W
2026/08/27 02:06:38.891, 0, 100 %, 27 %, 44998 MiB, 291.33 W
2026/08/27 02:06:39.083, 1, 19 %, 1 %, 43988 MiB, 297.04 W
2026/08/27 02:06:54.295, 0, 100 %, 27 %, 44998 MiB, 262.17 W
2026/08/27 02:06:54.386, 1, 100 %, 27 %, 43988 MiB, 298.81 W
2026/08/27 02:07:09.667, 0, 100 %, 32 %, 44998 MiB, 268.71 W
2026/08/27 02:07:09.795, 1, 100 %, 27 %, 43988 MiB, 272.09 W
2026/08/27 02:07:25.037, 0, 100 %, 32 %, 44998 MiB, 261.53 W
2026/08/27 02:07:25.106, 1, 100 %, 26 %, 43988 MiB, 298.18 W
2026/08/27 02:07:40.345, 0, 100 %, 26 %, 44998 MiB, 274.14 W
2026/08/27 02:07:40.512, 1, 100 %, 24 %, 43988 MiB, 287.78 W
2026/08/27 02:07:55.717, 0, 100 %, 26 %, 44998 MiB, 269.53 W
2026/08/27 02:07:55.767, 1, 1 %, 0 %, 43988 MiB, 298.76 W
2026/08/27 02:08:11.004, 0, 5 %, 0 %, 44998 MiB, 283.50 W
2026/08/27 02:08:11.004, 1, 0 %, 0 %, 43988 MiB, 295.68 W
2026/08/27 02:08:26.017, 0, 0 %, 0 %, 44998 MiB, 97.14 W
2026/08/27 02:08:26.076, 1, 0 %, 0 %, 43988 MiB, 295.68 W
2026/08/27 02:08:41.216, 0, 0 %, 0 %, 44998 MiB, 78.69 W
2026/08/27 02:08:41.217, 1, 0 %, 0 %, 43988 MiB, 295.68 W
2026/08/27 02:08:56.345, 0, 0 %, 0 %, 44998 MiB, 84.61 W
2026/08/27 02:08:56.409, 1, 0 %, 0 %, 43988 MiB, 295.68 W
2026/08/27 02:09:11.527, 0, 0 %, 0 %, 44998 MiB, 74.04 W
2026/08/27 02:09:11.527, 1, 0 %, 0 %, 43988 MiB, 295.68 W
2026/08/27 02:09:26.706, 0, 0 %, 0 %, 44998 MiB, 78.45 W
2026/08/27 02:09:26.706, 1, 0 %, 0 %, 43988 MiB, 75.91 W
2026/08/27 02:09:41.733, 0, 100 %, 29 %, 44998 MiB, 270.35 W
2026/08/27 02:09:41.733, 1, 100 %, 27 %, 43988 MiB, 274.18 W
2026/08/27 02:09:56.737, 0, 100 %, 25 %, 44998 MiB, 293.94 W
2026/08/27 02:09:56.737, 1, 100 %, 27 %, 43988 MiB, 269.50 W
2026/08/27 02:10:11.830, 0, 100 %, 24 %, 44998 MiB, 281.88 W
2026/08/27 02:10:11.830, 1, 36 %, 19 %, 43988 MiB, 278.77 W
2026/08/27 02:10:26.877, 0, 100 %, 24 %, 44998 MiB, 288.48 W
2026/08/27 02:10:27.038, 1, 100 %, 28 %, 43988 MiB, 299.58 W
2026/08/27 02:10:42.272, 0, 100 %, 22 %, 44998 MiB, 261.26 W
2026/08/27 02:10:42.282, 1, 100 %, 24 %, 43988 MiB, 278.73 W
2026/08/27 02:10:57.304, 0, 35 %, 1 %, 44998 MiB, 266.42 W
2026/08/27 02:10:57.376, 1, 100 %, 26 %, 43988 MiB, 268.00 W
2026/08/27 02:11:12.592, 0, 100 %, 23 %, 44998 MiB, 285.37 W
2026/08/27 02:11:12.766, 1, 100 %, 26 %, 43988 MiB, 297.56 W
2026/08/27 02:11:28.009, 0, 100 %, 27 %, 44998 MiB, 287.86 W
2026/08/27 02:11:28.107, 1, 100 %, 36 %, 43988 MiB, 276.30 W
2026/08/27 02:11:43.323, 0, 100 %, 30 %, 44998 MiB, 287.88 W
2026/08/27 02:11:43.526, 1, 100 %, 33 %, 43988 MiB, 277.13 W
2026/08/27 02:11:58.737, 0, 100 %, 26 %, 44998 MiB, 287.33 W
2026/08/27 02:11:58.737, 1, 100 %, 24 %, 43988 MiB, 283.39 W
2026/08/27 02:12:13.912, 0, 100 %, 26 %, 44998 MiB, 225.52 W
2026/08/27 02:12:13.942, 1, 44 %, 1 %, 43988 MiB, 247.27 W
2026/08/27 02:12:29.150, 0, 100 %, 26 %, 44998 MiB, 286.00 W
2026/08/27 02:12:29.276, 1, 100 %, 26 %, 43988 MiB, 275.27 W
2026/08/27 02:12:44.488, 0, 100 %, 26 %, 44998 MiB, 265.97 W
2026/08/27 02:12:44.609, 1, 100 %, 24 %, 43988 MiB, 288.32 W
2026/08/27 02:12:59.818, 0, 100 %, 25 %, 44998 MiB, 102.62 W
2026/08/27 02:12:59.818, 1, 10 %, 0 %, 43988 MiB, 109.38 W
2026/08/27 02:13:14.940, 0, 100 %, 25 %, 44998 MiB, 100.55 W
2026/08/27 02:13:14.940, 1, 5 %, 0 %, 43988 MiB, 95.94 W
2026/08/27 02:13:30.056, 0, 100 %, 25 %, 44998 MiB, 95.02 W
2026/08/27 02:13:30.084, 1, 0 %, 0 %, 43988 MiB, 92.32 W
2026/08/27 02:13:45.228, 0, 100 %, 25 %, 44998 MiB, 95.37 W
2026/08/27 02:13:45.228, 1, 0 %, 0 %, 43988 MiB, 92.32 W
2026/08/27 02:14:00.273, 0, 100 %, 25 %, 44998 MiB, 91.44 W
2026/08/27 02:14:00.273, 1, 1 %, 0 %, 43988 MiB, 92.32 W
2026/08/27 02:14:15.379, 0, 100 %, 25 %, 44998 MiB, 84.44 W
2026/08/27 02:14:15.385, 1, 0 %, 0 %, 43988 MiB, 92.32 W
2026/08/27 02:14:30.529, 0, 100 %, 29 %, 44998 MiB, 213.71 W
2026/08/27 02:14:30.529, 1, 100 %, 28 %, 43988 MiB, 114.05 W
2026/08/27 02:14:45.529, 0, 100 %, 27 %, 44998 MiB, 235.02 W
2026/08/27 02:14:45.529, 1, 100 %, 57 %, 43988 MiB, 298.20 W
2026/08/27 02:15:00.530, 0, 59 %, 65 %, 44998 MiB, 272.26 W
2026/08/27 02:15:00.616, 1, 100 %, 28 %, 43988 MiB, 277.89 W
2026/08/27 02:15:15.676, 0, 100 %, 27 %, 44998 MiB, 270.97 W
2026/08/27 02:15:15.729, 1, 100 %, 26 %, 43988 MiB, 289.34 W
2026/08/27 02:15:30.876, 0, 100 %, 28 %, 44998 MiB, 258.24 W
2026/08/27 02:15:30.916, 1, 100 %, 26 %, 43988 MiB, 296.62 W
2026/08/27 02:15:46.126, 0, 100 %, 24 %, 44998 MiB, 279.93 W
2026/08/27 02:15:46.282, 1, 100 %, 27 %, 43988 MiB, 273.79 W
2026/08/27 02:16:01.525, 0, 100 %, 22 %, 44998 MiB, 270.81 W
2026/08/27 02:16:01.574, 1, 100 %, 24 %, 43988 MiB, 299.14 W
2026/08/27 02:16:16.786, 0, 100 %, 26 %, 44998 MiB, 267.96 W
2026/08/27 02:16:16.947, 1, 100 %, 26 %, 43988 MiB, 279.06 W
2026/08/27 02:16:32.151, 0, 100 %, 26 %, 44998 MiB, 285.98 W
2026/08/27 02:16:32.272, 1, 100 %, 27 %, 43988 MiB, 296.81 W
2026/08/27 02:16:47.415, 0, 0 %, 0 %, 44998 MiB, 155.50 W
2026/08/27 02:16:47.416, 1, 100 %, 30 %, 43988 MiB, 187.84 W
2026/08/27 02:17:02.416, 0, 100 %, 26 %, 44998 MiB, 271.09 W
2026/08/27 02:17:02.492, 1, 100 %, 25 %, 43988 MiB, 278.81 W
2026/08/27 02:17:17.753, 0, 100 %, 26 %, 44998 MiB, 266.74 W
2026/08/27 02:17:17.753, 1, 100 %, 26 %, 43988 MiB, 275.34 W
2026/08/27 02:17:32.811, 0, 100 %, 30 %, 44998 MiB, 265.40 W
2026/08/27 02:17:32.811, 1, 75 %, 83 %, 43988 MiB, 294.95 W
2026/08/27 02:17:47.868, 0, 100 %, 27 %, 44998 MiB, 275.58 W
2026/08/27 02:17:47.868, 1, 100 %, 24 %, 43988 MiB, 283.39 W
2026/08/27 02:18:03.107, 0, 0 %, 0 %, 44998 MiB, 95.54 W
2026/08/27 02:18:03.107, 1, 100 %, 23 %, 43988 MiB, 299.01 W
2026/08/27 02:18:18.120, 0, 0 %, 0 %, 44998 MiB, 92.46 W
2026/08/27 02:18:18.120, 1, 100 %, 23 %, 43988 MiB, 299.01 W
2026/08/27 02:18:33.154, 0, 0 %, 0 %, 44998 MiB, 92.44 W
2026/08/27 02:18:33.154, 1, 100 %, 23 %, 43988 MiB, 299.01 W
2026/08/27 02:18:48.279, 0, 0 %, 0 %, 44998 MiB, 86.44 W
2026/08/27 02:18:48.386, 1, 100 %, 23 %, 43988 MiB, 299.01 W
2026/08/27 02:19:03.505, 0, 0 %, 0 %, 44998 MiB, 74.39 W
2026/08/27 02:19:03.505, 1, 100 %, 23 %, 43988 MiB, 299.01 W
2026/08/27 02:19:18.536, 0, 0 %, 0 %, 44998 MiB, 75.04 W
2026/08/27 02:19:18.540, 1, 100 %, 23 %, 43988 MiB, 299.01 W
2026/08/27 02:19:33.676, 0, 100 %, 44 %, 44998 MiB, 291.13 W
2026/08/27 02:19:33.833, 1, 100 %, 27 %, 43988 MiB, 281.57 W
2026/08/27 02:19:49.080, 0, 100 %, 26 %, 44998 MiB, 270.49 W
2026/08/27 02:19:49.080, 1, 100 %, 28 %, 43988 MiB, 280.91 W
2026/08/27 02:20:04.273, 0, 100 %, 23 %, 44998 MiB, 284.94 W
2026/08/27 02:20:04.273, 1, 100 %, 28 %, 43988 MiB, 279.90 W
2026/08/27 02:20:19.357, 0, 100 %, 26 %, 44998 MiB, 267.01 W
2026/08/27 02:20:19.391, 1, 100 %, 27 %, 43988 MiB, 274.71 W
2026/08/27 02:20:34.599, 0, 100 %, 24 %, 44998 MiB, 285.52 W
2026/08/27 02:20:34.613, 1, 100 %, 26 %, 43988 MiB, 281.08 W
2026/08/27 02:20:49.617, 0, 97 %, 100 %, 44998 MiB, 250.38 W
2026/08/27 02:20:49.617, 1, 100 %, 24 %, 43988 MiB, 240.91 W
2026/08/27 02:21:04.769, 0, 100 %, 25 %, 44998 MiB, 270.14 W
2026/08/27 02:21:04.770, 1, 40 %, 34 %, 43988 MiB, 290.89 W
2026/08/27 02:21:19.890, 0, 100 %, 24 %, 44998 MiB, 286.74 W
2026/08/27 02:21:19.937, 1, 100 %, 25 %, 43988 MiB, 297.52 W
2026/08/27 02:21:35.146, 0, 100 %, 26 %, 44998 MiB, 267.63 W
2026/08/27 02:21:35.220, 1, 100 %, 34 %, 43988 MiB, 281.05 W
2026/08/27 02:21:50.431, 0, 100 %, 26 %, 44998 MiB, 278.50 W
2026/08/27 02:21:50.629, 1, 87 %, 98 %, 43988 MiB, 280.72 W
2026/08/27 02:22:05.869, 0, 78 %, 85 %, 44998 MiB, 286.60 W
2026/08/27 02:22:05.932, 1, 100 %, 26 %, 43988 MiB, 252.94 W
2026/08/27 02:22:21.138, 0, 100 %, 25 %, 44998 MiB, 262.50 W
2026/08/27 02:22:21.203, 1, 100 %, 25 %, 43988 MiB, 280.34 W
2026/08/27 02:22:36.416, 0, 100 %, 27 %, 44998 MiB, 266.35 W
2026/08/27 02:22:36.488, 1, 100 %, 26 %, 43988 MiB, 277.11 W
2026/08/27 02:22:51.744, 0, 0 %, 0 %, 44998 MiB, 107.62 W
2026/08/27 02:22:51.749, 1, 100 %, 25 %, 43988 MiB, 109.25 W
2026/08/27 02:23:06.759, 0, 0 %, 0 %, 44998 MiB, 99.17 W
2026/08/27 02:23:06.759, 1, 100 %, 25 %, 43988 MiB, 106.03 W
2026/08/27 02:23:21.779, 0, 0 %, 0 %, 44998 MiB, 93.80 W
2026/08/27 02:23:21.781, 1, 100 %, 25 %, 43988 MiB, 99.53 W
2026/08/27 02:23:36.830, 0, 0 %, 0 %, 44998 MiB, 95.39 W
2026/08/27 02:23:36.830, 1, 100 %, 25 %, 43988 MiB, 91.29 W
2026/08/27 02:23:51.855, 0, 0 %, 0 %, 44998 MiB, 92.99 W
2026/08/27 02:23:51.878, 1, 100 %, 25 %, 43988 MiB, 97.31 W
2026/08/27 02:24:07.223, 0, 5 %, 0 %, 44998 MiB, 80.85 W
2026/08/27 02:24:07.223, 1, 100 %, 25 %, 43988 MiB, 79.67 W
2026/08/27 02:24:22.229, 0, 0 %, 0 %, 44994 MiB, 89.29 W
2026/08/27 02:24:22.229, 1, 100 %, 25 %, 43984 MiB, 90.04 W
