1787939572,2754574, 43486
1787939572,2754574, 264
1787939572,2754574, 264
1787939572,2754574, 264
1787939587,2754574, 43486
1787939587,2754574, 264
1787939587,2754574, 264
1787939587,2754574, 264
1787939602,2754574, 43486
1787939602,2754574, 264
1787939602,2754574, 264
1787939602,2754574, 264
1787939617,2754574, 43486
1787939617,2754574, 264
1787939617,2754574, 264
1787939617,2754574, 264
1787939632,2754574, 43644
1787939632,2754574, 43640
1787939632,2754574, 43640
1787939632,2754574, 43640
1787939648,2754574, 43644
1787939648,2754574, 43640
1787939648,2754574, 43640
1787939648,2754574, 43640
1787939663,2754574, 43644
1787939663,2754574, 43640
1787939663,2754574, 43640
1787939663,2754574, 43640
1787939678,2754574, 43644
1787939678,2754574, 43640
1787939678,2754574, 43640
1787939678,2754574, 43640
1787939693,2754574, 43644
1787939693,2754574, 43640
1787939693,2754574, 43640
1787939693,2754574, 43640
1787939708,2754574, 43670
1787939708,2754574, 43640
1787939708,2754574, 43640
1787939708,2754574, 43640
1787939723,2754574, 43678
1787939723,2754574, 43640
1787939723,2754574, 43640
1787939723,2754574, 43640
1787939738,2754574, 43678
1787939738,2754574, 43640
1787939738,2754574, 43640
1787939738,2754574, 43640
1787939753,2754574, 43678
1787939753,2754574, 43640
1787939753,2754574, 43640
1787939753,2754574, 43640
1787939768,2754574, 43790
1787939768,2754574, 43774
1787939768,2754574, 43774
1787939768,2754574, 43774
1787939783,2754574, 43790
1787939783,2754574, 43774
1787939783,2754574, 43774
1787939783,2754574, 43774
1787939798,2754574, 43790
1787939798,2754574, 43774
1787939798,2754574, 43774
1787939798,2754574, 43774
1787939813,2754574, 43790
1787939813,2754574, 43774
1787939813,2754574, 43774
1787939813,2754574, 43774
1787939828,2754574, 43790
1787939828,2754574, 43774
1787939828,2754574, 43774
1787939828,2754574, 43774
1787939843,2754574, 43790
1787939843,2754574, 43774
1787939843,2754574, 43774
1787939843,2754574, 43774
1787939859,2754574, 43790
1787939859,2754574, 43774
1787939859,2754574, 43774
1787939859,2754574, 43774
1787939874,2754574, 43790
1787939874,2754574, 43774
1787939874,2754574, 43774
1787939874,2754574, 43774
1787939889,2754574, 43790
1787939889,2754574, 43774
1787939889,2754574, 43774
1787939889,2754574, 43774
1787939904,2754574, 43790
1787939904,2754574, 43774
1787939904,2754574, 43774
1787939904,2754574, 43774
1787939919,2754574, 43790
1787939919,2754574, 43774
1787939919,2754574, 43774
1787939919,2754574, 43774
1787939934,2754574, 43790
1787939934,2754574, 43774
1787939934,2754574, 43774
1787939934,2754574, 43774
1787939949,2754574, 43790
1787939949,2754574, 43774
1787939949,2754574, 43774
1787939949,2754574, 43774
1787939964,2754574, 43790
1787939964,2754574, 43774
1787939964,2754574, 43774
1787939964,2754574, 43774
1787939979,2754574, 43790
1787939979,2754574, 43774
1787939979,2754574, 43774
1787939979,2754574, 43774
1787939994,2754574, 43790
1787939994,2754574, 43774
1787939994,2754574, 43774
1787939994,2754574, 43774
1787940009,2754574, 43790
1787940009,2754574, 43774
1787940009,2754574, 43774
1787940009,2754574, 43774
1787940024,2754574, 43790
1787940024,2754574, 43774
1787940024,2754574, 43774
1787940024,2754574, 43774
1787940039,2754574, 43790
1787940039,2754574, 43774
1787940039,2754574, 43774
1787940039,2754574, 43774
1787940054,2754574, 43790
1787940054,2754574, 43774
1787940054,2754574, 43774
1787940054,2754574, 43774
1787940070,2754574, 43790
1787940070,2754574, 43774
1787940070,2754574, 43774
1787940070,2754574, 43774
1787940085,2754574, 43790
1787940085,2754574, 43774
1787940085,2754574, 43774
1787940085,2754574, 43774
1787940100,2754574, 43790
1787940100,2754574, 43774
1787940100,2754574, 43774
1787940100,2754574, 43774
1787940115,2754574, 43790
1787940115,2754574, 43774
1787940115,2754574, 43774
1787940115,2754574, 43774
1787940130,2754574, 43790
1787940130,2754574, 43774
1787940130,2754574, 43774
1787940130,2754574, 43774
1787940145,2754574, 43790
1787940145,2754574, 43774
1787940145,2754574, 43774
1787940145,2754574, 43774
1787940160,2754574, 43790
1787940160,2754574, 43774
1787940160,2754574, 43774
1787940160,2754574, 43774
1787940175,2754574, 43790
1787940175,2754574, 43774
1787940175,2754574, 43774
1787940175,2754574, 43774
1787940190,2754574, 43790
1787940190,2754574, 43774
1787940190,2754574, 43774
1787940190,2754574, 43774
1787940205,2754574, 43790
1787940205,2754574, 43774
1787940205,2754574, 43774
1787940205,2754574, 43774
1787940220,2754574, 43790
1787940220,2754574, 43774
1787940220,2754574, 43774
1787940220,2754574, 43774
1787940235,2754574, 43790
1787940235,2754574, 43774
1787940235,2754574, 43774
1787940235,2754574, 43774
1787940250,2754574, 43790
1787940250,2754574, 43774
1787940250,2754574, 43774
1787940250,2754574, 43774
1787940266,2754574, 43790
1787940266,2754574, 43774
1787940266,2754574, 43774
1787940266,2754574, 43774
1787940281,2754574, 43790
1787940281,2754574, 43774
1787940281,2754574, 43774
1787940281,2754574, 43774
1787940296,2754574, 43790
1787940296,2754574, 43774
1787940296,2754574, 43774
1787940296,2754574, 43774
1787940311,2754574, 43790
1787940311,2754574, 43774
1787940311,2754574, 43774
1787940311,2754574, 43774
1787940326,2754574, 43790
1787940326,2754574, 43774
1787940326,2754574, 43774
1787940326,2754574, 43774
1787940341,2754574, 43790
1787940341,2754574, 43774
1787940341,2754574, 43774
1787940341,2754574, 43774
1787940356,2754574, 43790
1787940356,2754574, 43774
1787940356,2754574, 43774
1787940356,2754574, 43774
1787940371,2754574, 43790
1787940371,2754574, 43774
1787940371,2754574, 43774
1787940371,2754574, 43774
1787940386,2754574, 43790
1787940386,2754574, 43774
1787940386,2754574, 43774
1787940386,2754574, 43774
1787940401,2754574, 43790
1787940401,2754574, 43774
1787940401,2754574, 43774
1787940401,2754574, 43774
1787940416,2754574, 43790
1787940416,2754574, 43774
1787940416,2754574, 43774
1787940416,2754574, 43774
1787940431,2754574, 43790
1787940431,2754574, 43774
1787940431,2754574, 43774
1787940431,2754574, 43774
1787940446,2754574, 43790
1787940446,2754574, 43774
1787940446,2754574, 43774
1787940446,2754574, 43774
1787940462,2754574, 43790
1787940462,2754574, 43774
1787940462,2754574, 43774
1787940462,2754574, 43774
1787940477,2754574, 43790
1787940477,2754574, 43774
1787940477,2754574, 43774
1787940477,2754574, 43774
1787940492,2754574, 43790
1787940492,2754574, 43774
1787940492,2754574, 43774
1787940492,2754574, 43774
1787940507,2754574, 43790
1787940507,2754574, 43774
1787940507,2754574, 43774
1787940507,2754574, 43774
1787940522,2754574, 43790
1787940522,2754574, 43774
1787940522,2754574, 43774
1787940522,2754574, 43774
1787940537,2754574, 43790
1787940537,2754574, 43774
1787940537,2754574, 43774
1787940537,2754574, 43774
1787940552,2754574, 43790
1787940552,2754574, 43774
1787940552,2754574, 43774
1787940552,2754574, 43774
1787940567,2754574, 43790
1787940567,2754574, 43774
1787940567,2754574, 43774
1787940567,2754574, 43774
1787940582,2754574, 43790
1787940582,2754574, 43774
1787940582,2754574, 43774
1787940582,2754574, 43774
1787940597,2754574, 43790
1787940597,2754574, 43774
1787940597,2754574, 43774
1787940597,2754574, 43774
1787940612,2754574, 43790
1787940612,2754574, 43774
1787940612,2754574, 43774
1787940612,2754574, 43774
1787940627,2754574, 43790
1787940627,2754574, 43774
1787940627,2754574, 43774
1787940627,2754574, 43774
1787940642,2754574, 43790
1787940642,2754574, 43774
1787940642,2754574, 43774
1787940642,2754574, 43774
1787940657,2754574, 43790
1787940657,2754574, 43774
1787940657,2754574, 43774
1787940657,2754574, 43774
1787940673,2754574, 43790
1787940673,2754574, 43774
1787940673,2754574, 43774
1787940673,2754574, 43774
1787940688,2754574, 43790
1787940688,2754574, 43774
1787940688,2754574, 43774
1787940688,2754574, 43774
1787940703,2754574, 43790
1787940703,2754574, 43774
1787940703,2754574, 43774
1787940703,2754574, 43774
1787940718,2754574, 43790
1787940718,2754574, 43774
1787940718,2754574, 43774
1787940718,2754574, 43774
1787940733,2754574, 43790
1787940733,2754574, 43774
1787940733,2754574, 43774
1787940733,2754574, 43774
1787940748,2754574, 43790
1787940748,2754574, 43774
1787940748,2754574, 43774
1787940748,2754574, 43774
1787940763,2754574, 43790
1787940763,2754574, 43774
1787940763,2754574, 43774
1787940763,2754574, 43774
1787940778,2754574, 43790
1787940778,2754574, 43774
1787940778,2754574, 43774
1787940778,2754574, 43774
1787940793,2754574, 43790
1787940793,2754574, 43774
1787940793,2754574, 43774
1787940793,2754574, 43774
1787940808,2754574, 43790
1787940808,2754574, 43774
1787940808,2754574, 43774
1787940808,2754574, 43774
1787940823,2754574, 43790
1787940823,2754574, 43774
1787940823,2754574, 43774
1787940823,2754574, 43774
1787940838,2754574, 43790
1787940838,2754574, 43774
1787940838,2754574, 43774
1787940838,2754574, 43774
1787940853,2754574, 43790
1787940853,2754574, 43774
1787940853,2754574, 43774
1787940853,2754574, 43774
1787940869,2754574, 43790
1787940869,2754574, 43774
1787940869,2754574, 43774
1787940869,2754574, 43774
1787940884,2754574, 43790
1787940884,2754574, 43774
1787940884,2754574, 43774
1787940884,2754574, 43774
1787940899,2754574, 43790
1787940899,2754574, 43774
1787940899,2754574, 43774
1787940899,2754574, 43774
1787940914,2754574, 43790
1787940914,2754574, 43774
1787940914,2754574, 43774
1787940914,2754574, 43774
1787940929,2754574, 43790
1787940929,2754574, 43774
1787940929,2754574, 43774
1787940929,2754574, 43774
1787940944,2754574, 43790
1787940944,2754574, 43774
1787940944,2754574, 43774
1787940944,2754574, 43774
1787940959,2754574, 43790
1787940959,2754574, 43774
1787940959,2754574, 43774
1787940959,2754574, 43774
1787940974,2754574, 43790
1787940974,2754574, 43774
1787940974,2754574, 43774
1787940974,2754574, 43774
1787940989,2754574, 43790
1787940989,2754574, 43774
1787940989,2754574, 43774
1787940989,2754574, 43774
1787941004,2754574, 43790
1787941004,2754574, 43774
1787941004,2754574, 43774
1787941004,2754574, 43774
1787941019,2754574, 43790
1787941019,2754574, 43774
1787941019,2754574, 43774
1787941019,2754574, 43774
1787941034,2754574, 43790
1787941034,2754574, 43774
1787941034,2754574, 43774
1787941034,2754574, 43774
1787941050,2754574, 43790
1787941050,2754574, 43774
1787941050,2754574, 43774
1787941050,2754574, 43774
1787941065,2754574, 43790
1787941065,2754574, 43774
1787941065,2754574, 43774
1787941065,2754574, 43774
1787941080,2754574, 43790
1787941080,2754574, 43774
1787941080,2754574, 43774
1787941080,2754574, 43774
1787941095,2754574, 43790
1787941095,2754574, 43774
1787941095,2754574, 43774
1787941095,2754574, 43774
1787941110,2754574, 43790
1787941110,2754574, 43774
1787941110,2754574, 43774
1787941110,2754574, 43774
1787941125,2754574, 43790
1787941125,2754574, 43774
1787941125,2754574, 43774
1787941125,2754574, 43774
1787941140,2754574, 43790
1787941140,2754574, 43774
1787941140,2754574, 43774
1787941140,2754574, 43774
1787941155,2754574, 43790
1787941155,2754574, 43774
1787941155,2754574, 43774
1787941155,2754574, 43774
1787941170,2754574, 43790
1787941170,2754574, 43774
1787941170,2754574, 43774
1787941170,2754574, 43774
1787941185,2754574, 43790
1787941185,2754574, 43774
1787941185,2754574, 43774
1787941185,2754574, 43774
1787941200,2754574, 43790
1787941200,2754574, 43774
1787941200,2754574, 43774
1787941200,2754574, 43774
1787941215,2754574, 43790
1787941215,2754574, 43774
1787941215,2754574, 43774
1787941215,2754574, 43774
1787941231,2754574, 43790
1787941231,2754574, 43774
1787941231,2754574, 43774
1787941231,2754574, 43774
1787941246,2754574, 43790
1787941246,2754574, 43774
1787941246,2754574, 43774
1787941246,2754574, 43774
1787941261,2754574, 43790
1787941261,2754574, 43774
1787941261,2754574, 43774
1787941261,2754574, 43774
1787941276,2754574, 43790
1787941276,2754574, 43774
1787941276,2754574, 43774
1787941276,2754574, 43774
1787941291,2754574, 43790
1787941291,2754574, 43774
1787941291,2754574, 43774
1787941291,2754574, 43774
1787941306,2754574, 43790
1787941306,2754574, 43774
1787941306,2754574, 43774
1787941306,2754574, 43774
1787941321,2754574, 43790
1787941321,2754574, 43774
1787941321,2754574, 43774
1787941321,2754574, 43774
