1787888898,0, 0, 0
1787888898,1, 0, 0
1787888898,2, 0, 0
1787888898,3, 0, 0
1787888913,0, 0, 0
1787888913,1, 0, 0
1787888913,2, 0, 0
1787888913,3, 0, 0
1787888928,0, 0, 0
1787888928,1, 0, 0
1787888928,2, 0, 0
1787888928,3, 0, 0
1787888944,0, 0, 0
1787888944,1, 0, 0
1787888944,2, 0, 0
1787888944,3, 0, 0
1787888959,0, 0, 277
1787888959,1, 0, 273
1787888959,2, 0, 273
1787888959,3, 0, 273
1787888974,0, 0, 43495
1787888974,1, 0, 273
1787888974,2, 0, 273
1787888974,3, 0, 273
1787888989,0, 0, 43495
1787888989,1, 0, 273
1787888989,2, 0, 273
1787888989,3, 0, 273
1787889004,0, 0, 43495
1787889004,1, 0, 273
1787889004,2, 0, 273
1787889004,3, 0, 273
1787889020,0, 0, 43495
1787889020,1, 0, 273
1787889020,2, 0, 273
1787889020,3, 0, 273
1787889035,0, 0, 43495
1787889035,1, 0, 273
1787889035,2, 0, 273
1787889035,3, 0, 273
1787889050,0, 0, 43495
1787889050,1, 0, 273
1787889050,2, 0, 273
1787889050,3, 0, 273
1787889065,0, 0, 43495
1787889065,1, 0, 273
1787889065,2, 0, 273
1787889065,3, 0, 273
1787889083,0, 0, 43495
1787889083,1, 0, 273
1787889083,2, 0, 273
1787889083,3, 0, 273
1787889098,0, 0, 43495
1787889098,1, 0, 273
1787889098,2, 0, 273
1787889098,3, 0, 273
1787889116,0, 0, 43495
1787889116,1, 0, 273
1787889116,2, 0, 273
1787889116,3, 0, 273
1787889131,0, 0, 43497
1787889131,1, 0, 43493
1787889131,2, 0, 43493
1787889131,3, 0, 43493
1787889149,0, 0, 43497
1787889149,1, 0, 43493
1787889149,2, 0, 43493
1787889149,3, 0, 43493
1787889205,0, 0, 43497
1787889205,1, 0, 43493
1787889205,2, 0, 43493
1787889205,3, 0, 43493
1787889220,0, 0, 43655
1787889220,1, 0, 43651
1787889220,2, 0, 43651
1787889220,3, 0, 43651
1787889235,0, 0, 43671
1787889235,1, 0, 43667
1787889235,2, 0, 43667
1787889235,3, 0, 43667
1787889250,0, 0, 43671
1787889250,1, 0, 43667
1787889250,2, 0, 43667
1787889250,3, 0, 43667
1787889265,0, 0, 43671
1787889265,1, 0, 43667
1787889265,2, 0, 43667
1787889265,3, 0, 43667
1787889280,0, 0, 43671
1787889280,1, 0, 43667
1787889280,2, 0, 43667
1787889280,3, 0, 43667
1787889331,0, 0, 43671
1787889331,1, 0, 43667
1787889331,2, 0, 43667
1787889331,3, 0, 43667
1787889346,0, 0, 43671
1787889346,1, 0, 43667
1787889346,2, 0, 43667
1787889346,3, 0, 43667
1787889361,0, 0, 43671
1787889361,1, 0, 43667
1787889361,2, 0, 43667
1787889361,3, 0, 43667
1787889376,0, 0, 43671
1787889376,1, 0, 43667
1787889376,2, 0, 43667
1787889376,3, 0, 43667
1787889391,0, 0, 43685
1787889391,1, 0, 43667
1787889391,2, 0, 43667
1787889391,3, 0, 43667
1787889406,0, 0, 43685
1787889406,1, 0, 43667
1787889406,2, 0, 43667
1787889406,3, 0, 43667
1787889421,0, 23, 43695
1787889421,1, 0, 43667
1787889421,2, 0, 43667
1787889421,3, 0, 43667
1787889436,0, 0, 43707
1787889436,1, 0, 43667
1787889436,2, 0, 43667
1787889436,3, 0, 43667
1787889452,0, 0, 43707
1787889452,1, 0, 43667
1787889452,2, 0, 43667
1787889452,3, 0, 43667
1787889467,0, 0, 43707
1787889467,1, 0, 43667
1787889467,2, 0, 43667
1787889467,3, 0, 43667
1787889482,0, 0, 43707
1787889482,1, 0, 43667
1787889482,2, 0, 43667
1787889482,3, 0, 43667
1787889498,0, 0, 43707
1787889498,1, 0, 43669
1787889498,2, 0, 43669
1787889498,3, 0, 43669
1787889522,0, 0, 43707
1787889522,1, 0, 43669
1787889522,2, 0, 43669
1787889522,3, 0, 43669
1787889537,0, 0, 43707
1787889537,1, 0, 43669
1787889537,2, 0, 43669
1787889537,3, 0, 43669
1787889552,0, 0, 43707
1787889552,1, 0, 43669
1787889552,2, 0, 43669
1787889552,3, 0, 43669
1787889567,0, 0, 43707
1787889567,1, 0, 43669
1787889567,2, 5, 43695
1787889567,3, 0, 43669
1787889582,0, 100, 43819
1787889582,1, 100, 43801
1787889582,2, 100, 43801
1787889582,3, 100, 43801
1787889597,0, 100, 43819
1787889597,1, 100, 43801
1787889597,2, 100, 43801
1787889597,3, 100, 43801
1787889612,0, 99, 43819
1787889612,1, 100, 43801
1787889612,2, 100, 43801
1787889612,3, 100, 43801
1787889628,0, 0, 43819
1787889628,1, 0, 43801
1787889628,2, 0, 43801
1787889628,3, 0, 43801
1787889643,0, 100, 43819
1787889643,1, 100, 43801
1787889643,2, 100, 43801
1787889643,3, 100, 43801
1787889658,0, 100, 43819
1787889658,1, 100, 43801
1787889658,2, 100, 43801
1787889658,3, 100, 43801
1787889673,0, 100, 43819
1787889673,1, 100, 43801
1787889673,2, 100, 43801
1787889673,3, 100, 43801
1787889688,0, 100, 43819
1787889688,1, 100, 43801
1787889688,2, 100, 43801
1787889688,3, 100, 43801
1787889724,0, 100, 43819
1787889724,1, 100, 43801
1787889724,2, 100, 43801
1787889724,3, 100, 43801
1787889739,0, 100, 43819
1787889739,1, 100, 43801
1787889739,2, 100, 43801
1787889739,3, 100, 43801
1787889754,0, 100, 43819
1787889754,1, 100, 43801
1787889754,2, 100, 43801
1787889754,3, 100, 43801
1787889840,0, 100, 43819
1787889840,1, 100, 43801
1787889840,2, 100, 43801
1787889840,3, 100, 43801
1787889856,0, 100, 43819
1787889856,1, 100, 43801
1787889856,2, 100, 43801
1787889856,3, 100, 43801
1787889871,0, 100, 43819
1787889871,1, 100, 43801
1787889871,2, 100, 43801
1787889871,3, 100, 43801
1787889886,0, 100, 43819
1787889886,1, 100, 43801
1787889886,2, 100, 43801
1787889886,3, 100, 43801
1787889902,0, 100, 43819
1787889902,1, 100, 43801
1787889902,2, 100, 43801
1787889902,3, 100, 43801
1787889918,0, 100, 43819
1787889918,1, 100, 43801
1787889918,2, 100, 43801
1787889918,3, 100, 43801
1787889933,0, 100, 43819
1787889933,1, 100, 43801
1787889933,2, 100, 43801
1787889933,3, 100, 43801
1787889948,0, 100, 43819
1787889948,1, 100, 43801
1787889948,2, 100, 43801
1787889948,3, 100, 43801
1787889973,0, 100, 43819
1787889973,1, 100, 43801
1787889973,2, 100, 43801
1787889973,3, 100, 43801
1787889988,0, 100, 43819
1787889988,1, 100, 43801
1787889988,2, 100, 43801
1787889988,3, 100, 43801
1787890003,0, 100, 43819
1787890003,1, 100, 43801
1787890003,2, 100, 43801
1787890003,3, 100, 43801
1787890019,0, 100, 43819
1787890019,1, 100, 43801
1787890019,2, 100, 43801
1787890019,3, 100, 43801
1787890093,0, 100, 43819
1787890093,1, 100, 43801
1787890093,2, 100, 43801
1787890093,3, 100, 43801
1787890108,0, 100, 43819
1787890108,1, 100, 43801
1787890108,2, 100, 43801
1787890108,3, 100, 43801
1787890123,0, 100, 43819
1787890123,1, 100, 43801
1787890123,2, 100, 43801
1787890123,3, 100, 43801
1787890138,0, 0, 43819
1787890138,1, 0, 43801
1787890138,2, 0, 43801
1787890138,3, 0, 43801
1787890153,0, 100, 43819
1787890153,1, 100, 43801
1787890153,2, 100, 43801
1787890153,3, 100, 43801
1787890168,0, 100, 43819
1787890168,1, 100, 43801
1787890168,2, 100, 43801
1787890168,3, 100, 43801
1787890183,0, 100, 43819
1787890183,1, 100, 43801
1787890183,2, 100, 43801
1787890183,3, 100, 43801
1787890198,0, 0, 43819
1787890198,1, 0, 43801
1787890198,2, 0, 43801
1787890198,3, 0, 43801
1787890216,0, 100, 43819
1787890216,1, 100, 43801
1787890216,2, 100, 43801
1787890216,3, 100, 43801
1787890231,0, 100, 43819
1787890231,1, 100, 43801
1787890231,2, 100, 43801
1787890231,3, 100, 43801
1787890246,0, 100, 43819
1787890246,1, 100, 43801
1787890246,2, 100, 43801
1787890246,3, 100, 43801
1787890261,0, 100, 43819
1787890261,1, 100, 43801
1787890261,2, 100, 43801
1787890261,3, 100, 43801
1787890283,0, 100, 43819
1787890283,1, 100, 43801
1787890283,2, 100, 43801
1787890283,3, 100, 43801
1787890298,0, 100, 43819
1787890298,1, 100, 43801
1787890298,2, 100, 43801
1787890298,3, 100, 43801
1787890313,0, 100, 43819
1787890313,1, 100, 43801
1787890313,2, 100, 43801
1787890313,3, 100, 43801
1787890328,0, 0, 43819
1787890328,1, 0, 43801
1787890328,2, 0, 43801
1787890328,3, 0, 43801
1787890344,0, 100, 43819
1787890344,1, 100, 43801
1787890344,2, 100, 43801
1787890344,3, 100, 43801
1787890359,0, 100, 43819
1787890359,1, 100, 43801
1787890359,2, 100, 43801
1787890359,3, 100, 43801
1787890374,0, 100, 43819
1787890374,1, 100, 43801
1787890374,2, 100, 43801
1787890374,3, 100, 43801
1787890389,0, 100, 43819
1787890389,1, 100, 43801
1787890389,2, 100, 43801
1787890389,3, 100, 43801
1787890428,0, 100, 43819
1787890428,1, 100, 43801
1787890428,2, 100, 43801
1787890428,3, 100, 43801
1787890443,0, 100, 43819
1787890443,1, 100, 43801
1787890443,2, 100, 43801
1787890443,3, 100, 43801
1787890459,0, 100, 43819
1787890459,1, 99, 43801
1787890459,2, 100, 43801
1787890459,3, 99, 43801
1787890478,0, 100, 43819
1787890478,1, 58, 43801
1787890478,2, 100, 43801
1787890478,3, 72, 43801
1787890493,0, 100, 43819
1787890493,1, 100, 43801
1787890493,2, 100, 43801
1787890493,3, 100, 43801
1787890508,0, 100, 43819
1787890508,1, 100, 43801
1787890508,2, 100, 43801
1787890508,3, 100, 43801
1787890523,0, 100, 43819
1787890523,1, 100, 43801
1787890523,2, 100, 43801
1787890523,3, 100, 43801
1787890538,0, 100, 43819
1787890538,1, 100, 43801
1787890538,2, 100, 43801
1787890538,3, 100, 43801
1787890558,0, 100, 43819
1787890558,1, 100, 43801
1787890558,2, 100, 43801
1787890558,3, 100, 43801
1787890573,0, 100, 43819
1787890573,1, 100, 43801
1787890573,2, 100, 43801
1787890573,3, 100, 43801
1787890588,0, 41, 43819
1787890588,1, 100, 43801
1787890588,2, 100, 43801
1787890588,3, 100, 43801
1787890647,0, 100, 43819
1787890647,1, 100, 43801
1787890647,2, 100, 43801
1787890647,3, 100, 43801
1787890663,0, 100, 43819
1787890663,1, 100, 43801
1787890663,2, 100, 43801
1787890663,3, 100, 43801
1787890678,0, 100, 43819
1787890678,1, 100, 43801
1787890678,2, 100, 43801
1787890678,3, 100, 43801
1787890693,0, 100, 43819
1787890693,1, 100, 43801
1787890693,2, 100, 43801
1787890693,3, 100, 43801
1787890710,0, 100, 43819
1787890710,1, 100, 43801
1787890710,2, 100, 43801
1787890710,3, 100, 43801
1787890725,0, 100, 43819
1787890725,1, 100, 43801
1787890725,2, 100, 43801
1787890725,3, 100, 43801
1787890740,0, 100, 43819
1787890740,1, 100, 43801
1787890740,2, 100, 43801
1787890740,3, 100, 43801
1787890807,0, 83, 43819
1787890807,1, 100, 43801
1787890807,2, 100, 43801
1787890807,3, 100, 43801
1787890824,0, 34, 43819
1787890824,1, 0, 43801
1787890824,2, 0, 43801
1787890824,3, 0, 43801
1787890852,0, 100, 43819
1787890852,1, 100, 43801
1787890852,2, 100, 43801
1787890852,3, 100, 43801
1787890867,0, 94, 43819
1787890867,1, 38, 43801
1787890867,2, 40, 43801
1787890867,3, 52, 43801
1787890882,0, 100, 43819
1787890882,1, 100, 43801
1787890882,2, 100, 43801
1787890882,3, 100, 43801
1787890898,0, 100, 43819
1787890898,1, 100, 43801
1787890898,2, 100, 43801
1787890898,3, 100, 43801
1787890913,0, 100, 43819
1787890913,1, 100, 43801
1787890913,2, 100, 43801
1787890913,3, 100, 43801
1787890928,0, 100, 43819
1787890928,1, 100, 43801
1787890928,2, 100, 43801
1787890928,3, 100, 43801
1787890943,0, 100, 43819
1787890943,1, 100, 43801
1787890943,2, 100, 43801
1787890943,3, 100, 43801
1787890958,0, 100, 43819
1787890958,1, 100, 43801
1787890958,2, 100, 43801
1787890958,3, 100, 43801
1787890973,0, 100, 43819
1787890973,1, 100, 43801
1787890973,2, 100, 43801
1787890973,3, 100, 43801
1787890991,0, 100, 43819
1787890991,1, 100, 43801
1787890991,2, 100, 43801
1787890991,3, 100, 43801
1787891014,0, 100, 43819
1787891014,1, 100, 43801
1787891014,2, 100, 43801
1787891014,3, 100, 43801
1787891029,0, 100, 43819
1787891029,1, 100, 43801
1787891029,2, 100, 43801
1787891029,3, 100, 43801
1787891045,0, 100, 43819
1787891045,1, 100, 43801
1787891045,2, 100, 43801
1787891045,3, 100, 43801
1787891060,0, 100, 43819
1787891060,1, 100, 43801
1787891060,2, 100, 43801
1787891060,3, 100, 43801
1787891075,0, 100, 43819
1787891075,1, 100, 43801
1787891075,2, 100, 43801
1787891075,3, 100, 43801
1787891134,0, 0, 43819
1787891134,1, 76, 43801
1787891134,2, 87, 43801
1787891134,3, 85, 43801
1787891149,0, 0, 43819
1787891149,1, 0, 43801
1787891149,2, 0, 43801
1787891149,3, 0, 43801
1787891164,0, 100, 43819
1787891164,1, 100, 43801
1787891164,2, 100, 43801
1787891164,3, 100, 43801
1787891183,0, 99, 43819
1787891183,1, 100, 43801
1787891183,2, 100, 43801
1787891183,3, 100, 43801
1787891198,0, 100, 43819
1787891198,1, 100, 43801
1787891198,2, 100, 43801
1787891198,3, 100, 43801
1787891213,0, 100, 43819
1787891213,1, 85, 43801
1787891213,2, 0, 43801
1787891213,3, 72, 43801
1787891228,0, 100, 43819
1787891228,1, 100, 43801
1787891228,2, 100, 43801
1787891228,3, 100, 43801
1787891244,0, 100, 43819
1787891244,1, 100, 43801
1787891244,2, 100, 43801
1787891244,3, 100, 43801
1787891259,0, 100, 43819
1787891259,1, 100, 43801
1787891259,2, 100, 43801
1787891259,3, 100, 43801
1787891274,0, 100, 43819
1787891274,1, 100, 43801
1787891274,2, 100, 43801
1787891274,3, 100, 43801
1787891289,0, 100, 43819
1787891289,1, 100, 43801
1787891289,2, 100, 43801
1787891289,3, 100, 43801
1787891308,0, 100, 43819
1787891308,1, 100, 43801
1787891308,2, 100, 43801
1787891308,3, 100, 43801
1787891324,0, 99, 43819
1787891324,1, 100, 43801
1787891324,2, 100, 43801
1787891324,3, 100, 43801
1787891339,0, 100, 43819
1787891339,1, 100, 43801
1787891339,2, 100, 43801
1787891339,3, 100, 43801
1787891354,0, 100, 43819
1787891354,1, 100, 43801
1787891354,2, 100, 43801
1787891354,3, 100, 43801
1787891369,0, 100, 43819
1787891369,1, 100, 43801
1787891369,2, 100, 43801
1787891369,3, 100, 43801
1787891384,0, 100, 43819
1787891384,1, 100, 43801
1787891384,2, 100, 43801
1787891384,3, 100, 43801
1787891399,0, 100, 43819
1787891399,1, 100, 43801
1787891399,2, 100, 43801
1787891399,3, 100, 43801
1787891422,0, 100, 43819
1787891422,1, 100, 43801
1787891422,2, 100, 43801
1787891422,3, 100, 43801
1787891437,0, 100, 43819
1787891437,1, 100, 43801
1787891437,2, 100, 43801
1787891437,3, 100, 43801
1787891452,0, 0, 43819
1787891452,1, 0, 43801
1787891452,2, 0, 43801
1787891452,3, 0, 43801
1787891467,0, 100, 43819
1787891467,1, 100, 43801
1787891467,2, 100, 43801
1787891467,3, 100, 43801
1787891482,0, 100, 43819
1787891482,1, 100, 43801
1787891482,2, 100, 43801
1787891482,3, 100, 43801
1787891497,0, 100, 43819
1787891497,1, 100, 43801
1787891497,2, 100, 43801
1787891497,3, 100, 43801
1787891516,0, 100, 43819
1787891516,1, 100, 43801
1787891516,2, 100, 43801
1787891516,3, 100, 43801
1787891533,0, 75, 43819
1787891533,1, 86, 43801
1787891533,2, 86, 43801
1787891533,3, 77, 43801
1787891548,0, 100, 43819
1787891548,1, 100, 43801
1787891548,2, 100, 43801
1787891548,3, 100, 43801
1787891568,0, 0, 43819
1787891568,1, 0, 43801
1787891568,2, 0, 43801
1787891568,3, 0, 43801
1787891583,0, 0, 43819
1787891583,1, 0, 43801
1787891583,2, 0, 43801
1787891583,3, 0, 43801
1787891598,0, 99, 43819
1787891598,1, 100, 43801
1787891598,2, 100, 43801
1787891598,3, 100, 43801
1787891613,0, 100, 43819
1787891613,1, 100, 43801
1787891613,2, 100, 43801
1787891613,3, 100, 43801
1787891628,0, 100, 43819
1787891628,1, 100, 43801
1787891628,2, 100, 43801
1787891628,3, 100, 43801
1787891643,0, 100, 43819
1787891643,1, 100, 43801
1787891643,2, 100, 43801
1787891643,3, 100, 43801
1787891658,0, 100, 43819
1787891658,1, 100, 43801
1787891658,2, 100, 43801
1787891658,3, 100, 43801
1787891674,0, 100, 43819
1787891674,1, 100, 43801
1787891674,2, 100, 43801
1787891674,3, 100, 43801
1787891689,0, 100, 43819
1787891689,1, 100, 43801
1787891689,2, 100, 43801
1787891689,3, 100, 43801
1787891704,0, 100, 43819
1787891704,1, 100, 43801
1787891704,2, 100, 43801
1787891704,3, 100, 43801
1787891719,0, 100, 43819
1787891719,1, 100, 43801
1787891719,2, 100, 43801
1787891719,3, 100, 43801
1787891738,0, 100, 43819
1787891738,1, 100, 43801
1787891738,2, 100, 43801
1787891738,3, 100, 43801
1787891753,0, 0, 43819
1787891753,1, 0, 43801
1787891753,2, 0, 43801
1787891753,3, 0, 43801
1787891782,0, 100, 43819
1787891782,1, 100, 43801
1787891782,2, 37, 43801
1787891782,3, 100, 43801
1787891797,0, 0, 43819
1787891797,1, 0, 43801
1787891797,2, 0, 43801
1787891797,3, 0, 43801
1787891812,0, 100, 43819
1787891812,1, 100, 43801
1787891812,2, 100, 43801
1787891812,3, 100, 43801
1787891827,0, 100, 43819
1787891827,1, 100, 43801
1787891827,2, 100, 43801
1787891827,3, 100, 43801
1787891843,0, 0, 43819
1787891843,1, 96, 43801
1787891843,2, 0, 43801
1787891843,3, 0, 43801
1787891859,0, 100, 43819
1787891859,1, 100, 43801
1787891859,2, 100, 43801
1787891859,3, 100, 43801
1787891875,0, 100, 43819
1787891875,1, 100, 43801
1787891875,2, 100, 43801
1787891875,3, 100, 43801
1787891890,0, 100, 43819
1787891890,1, 100, 43801
1787891890,2, 100, 43801
1787891890,3, 100, 43801
1787891905,0, 100, 43819
1787891905,1, 100, 43801
1787891905,2, 100, 43801
1787891905,3, 100, 43801
1787891920,0, 100, 43819
1787891920,1, 100, 43801
1787891920,2, 100, 43801
1787891920,3, 100, 43801
1787891937,0, 100, 43819
1787891937,1, 100, 43801
1787891937,2, 100, 43801
1787891937,3, 100, 43801
1787891952,0, 100, 43819
1787891952,1, 100, 43801
1787891952,2, 100, 43801
1787891952,3, 100, 43801
1787891967,0, 100, 43819
1787891967,1, 100, 43801
1787891967,2, 100, 43801
1787891967,3, 100, 43801
1787891982,0, 100, 43819
1787891982,1, 100, 43801
1787891982,2, 100, 43801
1787891982,3, 100, 43801
1787892000,0, 0, 43819
1787892000,1, 0, 43801
1787892000,2, 0, 43801
1787892000,3, 0, 43801
1787892015,0, 0, 43819
1787892015,1, 0, 43801
1787892015,2, 0, 43801
1787892015,3, 0, 43801
1787892030,0, 75, 43819
1787892030,1, 100, 43801
1787892030,2, 100, 43801
1787892030,3, 100, 43801
1787892045,0, 100, 43819
1787892045,1, 100, 43801
1787892045,2, 100, 43801
1787892045,3, 100, 43801
1787892104,0, 100, 43819
1787892104,1, 100, 43801
1787892104,2, 100, 43801
1787892104,3, 100, 43801
1787892119,0, 100, 43819
1787892119,1, 100, 43801
1787892119,2, 100, 43801
1787892119,3, 100, 43801
1787892134,0, 100, 43819
1787892134,1, 100, 43801
1787892134,2, 100, 43801
1787892134,3, 100, 43801
1787892149,0, 100, 43819
1787892149,1, 100, 43801
1787892149,2, 100, 43801
1787892149,3, 100, 43801
1787892164,0, 100, 43819
1787892164,1, 100, 43801
1787892164,2, 100, 43801
1787892164,3, 100, 43801
1787892180,0, 100, 43819
1787892180,1, 100, 43801
1787892180,2, 100, 43801
1787892180,3, 100, 43801
1787892195,0, 100, 43819
1787892195,1, 100, 43801
1787892195,2, 100, 43801
1787892195,3, 100, 43801
1787892210,0, 100, 43819
1787892210,1, 100, 43801
1787892210,2, 100, 43801
1787892210,3, 100, 43801
1787892232,0, 100, 43819
1787892232,1, 81, 43801
1787892232,2, 87, 43801
1787892232,3, 95, 43801
1787892262,0, 100, 43819
1787892262,1, 100, 43801
1787892262,2, 100, 43801
1787892262,3, 100, 43801
1787892279,0, 100, 43819
1787892279,1, 100, 43801
1787892279,2, 100, 43801
1787892279,3, 100, 43801
1787892294,0, 41, 43819
1787892294,1, 0, 43801
1787892294,2, 0, 43801
1787892294,3, 0, 43801
1787892311,0, 100, 43819
1787892311,1, 100, 43801
1787892311,2, 100, 43801
1787892311,3, 100, 43801
1787892326,0, 100, 43819
1787892326,1, 100, 43801
1787892326,2, 100, 43801
1787892326,3, 100, 43801
1787892341,0, 100, 43819
1787892341,1, 100, 43801
1787892341,2, 100, 43801
1787892341,3, 100, 43801
1787892356,0, 100, 43819
1787892356,1, 100, 43801
1787892356,2, 100, 43801
1787892356,3, 100, 43801
1787892371,0, 100, 43819
1787892371,1, 100, 43801
1787892371,2, 100, 43801
1787892371,3, 100, 43801
1787892395,0, 100, 43819
1787892395,1, 100, 43801
1787892395,2, 100, 43801
1787892395,3, 100, 43801
1787892410,0, 100, 43819
1787892410,1, 100, 43801
1787892410,2, 100, 43801
1787892410,3, 100, 43801
1787892425,0, 100, 43819
1787892425,1, 100, 43801
1787892425,2, 100, 43801
1787892425,3, 100, 43801
1787892440,0, 100, 43819
1787892440,1, 100, 43801
1787892440,2, 100, 43801
1787892440,3, 100, 43801
1787892455,0, 100, 43819
1787892455,1, 100, 43801
1787892455,2, 100, 43801
1787892455,3, 100, 43801
1787892470,0, 100, 43819
1787892470,1, 100, 43801
1787892470,2, 100, 43801
1787892470,3, 100, 43801
1787892486,0, 100, 43819
1787892486,1, 100, 43801
1787892486,2, 100, 43801
1787892486,3, 100, 43801
1787892501,0, 100, 43819
1787892501,1, 100, 43801
1787892501,2, 100, 43801
1787892501,3, 100, 43801
1787892516,0, 100, 43819
1787892516,1, 100, 43801
1787892516,2, 100, 43801
1787892516,3, 100, 43801
1787892536,0, 100, 43819
1787892536,1, 100, 43801
1787892536,2, 100, 43801
1787892536,3, 100, 43801
1787892551,0, 100, 43819
1787892551,1, 100, 43801
1787892551,2, 100, 43801
1787892551,3, 100, 43801
1787892566,0, 100, 43819
1787892566,1, 100, 43801
1787892566,2, 100, 43801
1787892566,3, 100, 43801
1787892581,0, 100, 43819
1787892581,1, 100, 43801
1787892581,2, 100, 43801
1787892581,3, 100, 43801
1787892597,0, 100, 43819
1787892597,1, 100, 43801
1787892597,2, 100, 43801
1787892597,3, 100, 43801
1787892612,0, 100, 43819
1787892612,1, 100, 43801
1787892612,2, 100, 43801
1787892612,3, 100, 43801
1787892627,0, 100, 43819
1787892627,1, 100, 43801
1787892627,2, 100, 43801
1787892627,3, 100, 43801
1787892642,0, 100, 43819
1787892642,1, 100, 43801
1787892642,2, 100, 43801
1787892642,3, 100, 43801
1787892657,0, 100, 43819
1787892657,1, 100, 43801
1787892657,2, 100, 43801
1787892657,3, 100, 43801
1787892672,0, 100, 43819
1787892672,1, 100, 43801
1787892672,2, 100, 43801
1787892672,3, 100, 43801
1787892687,0, 100, 43819
1787892687,1, 100, 43801
1787892687,2, 100, 43801
1787892687,3, 100, 43801
1787892703,0, 100, 43819
1787892703,1, 100, 43801
1787892703,2, 100, 43801
1787892703,3, 100, 43801
1787892720,0, 100, 43819
1787892720,1, 100, 43801
1787892720,2, 100, 43801
1787892720,3, 100, 43801
1787892742,0, 100, 43819
1787892742,1, 100, 43801
1787892742,2, 100, 43801
1787892742,3, 100, 43801
1787892757,0, 100, 43819
1787892757,1, 100, 43801
1787892757,2, 100, 43801
1787892757,3, 100, 43801
1787892772,0, 100, 43819
1787892772,1, 100, 43801
1787892772,2, 100, 43801
1787892772,3, 100, 43801
1787892787,0, 100, 43819
1787892787,1, 100, 43801
1787892787,2, 100, 43801
1787892787,3, 100, 43801
1787892802,0, 100, 43819
1787892802,1, 100, 43801
1787892802,2, 100, 43801
1787892802,3, 100, 43801
1787892818,0, 100, 43819
1787892818,1, 100, 43801
1787892818,2, 100, 43801
1787892818,3, 100, 43801
