1787888898.8229764,15905492,115811849
1787888913.9220839,58451969,370130023
1787888928.9644299,111471520,492577347
1787888944.0017726,192306081,615189305
1787888959.1264071,200876850,708934340
1787888974.1641176,200920409,789736500
1787888989.202446,266877572,798651989
1787889004.2360766,434862025,798919944
1787889019.3005655,576796866,798919944
1787889034.3381283,744451728,798919944
1787889049.3744538,910149388,798919944
1787889064.4108133,1104718637,798919944
1787889079.4786844,1301497827,798919944
1787889094.5136409,1460881362,798919944
1787889109.549439,1664112672,798919944
1787889124.5835414,4694486507,3360903166
1787889204.43099,4694577979,3362875411
1787889219.4832284,17137636713,15825805478
1787889234.5371225,17137879358,15828348182
1787889249.5737534,17137919765,15828348182
1787889331.4837267,17137960172,15828348182
1787889346.5568697,17138348693,15830224104
1787889361.6180093,17138594768,15834205416
1787889376.6608129,17139249027,15834299624
1787889391.727424,17139810302,15851945192
1787889406.8162131,17139850709,15851945192
1787889421.8521738,17139892692,15863753960
1787889436.8855832,17139936427,15913878400
1787889451.9551785,17139976834,15914025856
1787889467.0450902,17140017241,15914353536
1787889482.1134753,17140058436,15914914688
1787889497.1720724,17140098843,15914914688
1787889512.2375166,17140139250,15914914688
1787889527.3044288,17140179657,15914914688
1787889542.3844619,17140220064,15914914688
1787889557.4419925,17140260471,15914914688
1787889572.4847028,17140300878,15914914688
1787889587.552451,17612323129,16330994324
1787889602.6283896,18082182550,16745369882
1787889617.7491744,18464994885,17071715314
1787889632.8450453,18859482766,17398070884
1787889647.9094071,19324098596,17787214371
1787889662.963494,19791861116,18174720420
1787889678.056736,20215147649,18516964050
1787889693.136318,20625570497,18847916859
1787889709.3064418,21139585372,19259540479
1787889724.3631835,21507768517,19540405649
1787889739.4585555,21971074502,19891850427
1787889754.5001206,22443687212,20237872714
1787889769.554715,22808199737,20515116416
1787889784.6090932,23213123926,20815273670
1787889799.6772354,23677085103,21153365320
1787889814.7707422,23985314378,21380682764
1787889834.2608895,24445932252,21702192839
1787889849.3248253,24911072890,22039891086
1787889864.3860722,25373722778,22363629783
1787889879.4820535,25682147391,22572071589
1787889894.5401635,26151024138,22888209049
1787889909.609838,26615706162,23197858026
1787889924.6464872,27079798373,23509735238
1787889939.7076612,27434209265,23746337531
1787889954.7963777,28006868926,24122348785
1787889969.8589652,28318177531,24320108631
1787889984.8976898,28783645064,24613634829
1787889999.971314,29247015865,24893792103
1787890015.05056,29712746544,25187909127
1787890030.1189916,30019926081,25381343297
1787890045.1753807,30481921519,25653375000
1787890060.2489495,30946930689,25933728851
1787890075.317273,31412857682,26211396045
1787890090.3759327,31880160326,26483623146
1787890105.7398999,32256156502,26700015139
1787890120.8077397,32650450641,26934164423
1787890135.865031,33112575812,27196102243
1787890150.9193227,33578701295,27461778231
1787890166.0113454,33963498738,27664214115
1787890181.1544967,34343091774,27866098648
1787890196.2087638,34811771689,28114799340
1787890211.26609,35278812617,28366317493
1787890226.3276355,35743167101,28626880146
1787890241.393893,36056703817,28789512583
1787890256.463676,36528660240,29034542967
1787890271.5025346,36989541353,29278459513
1787890286.536081,37459467875,29514251036
1787890301.6025436,37922906054,29744996008
1787890316.666799,38234346478,29901206777
1787890331.7239926,38700797573,30135620025
1787890346.7879577,39164103812,30359482849
1787890361.8559933,39626950742,30580199388
1787890377.19127,40005302801,30770406336
1787890392.2282743,40442827405,30978317925
1787890407.2927902,40858841303,31181889240
1787890422.3573408,41329815467,31414075349
1787890437.4263868,41802099498,31642000765
1787890452.484371,42267109762,31860030974
1787890467.542425,42571143641,32005951614
1787890482.605584,43036545982,32218344588
1787890497.6636252,43505029731,32436178266
1787890512.700894,43970760590,32646409390
1787890527.78154,44279906825,32792658258
1787890542.843221,44740262705,32997973155
1787890557.9079242,45204945439,33203944890
1787890572.944636,45673888667,33409327455
1787890588.195617,46034394576,33571874237
1787890603.2605627,46558641785,33807657103
1787890618.3318026,46915610190,33957294733
1787890633.3690302,47385665940,34164903932
1787890648.7152085,47849757802,34364583163
1787890663.81726,48316077587,34549647565
1787890678.885811,48625290028,34680561679
1787890693.9209492,49090758343,34860711379
1787890708.9890752,49558454662,35054885563
1787890724.0572734,50031852784,35250239566
1787890739.113349,50496010589,35435484900
1787890754.1470935,50809682681,35557948073
1787890769.200858,51268462136,35743402001
1787890784.2614245,51735373075,35930433813
1787890799.3387678,52200972520,36111959827
1787890814.3746898,52664671478,36299449674
1787890829.4416919,52978078124,36419353641
1787890844.513744,53443415492,36594784874
1787890859.6404068,53907900405,36772247236
1787890874.6993194,54289663702,36905654222
1787890889.755432,54685462956,37055915213
1787890904.815777,55155322560,37233771530
1787890919.8816013,55625313760,37411104083
1787890934.91837,55991993093,37541944481
1787890950.0081627,56554349873,37742502134
1787890965.1127543,56864741779,37858801537
1787890980.1783915,57331127625,38030431584
1787890995.2428439,57794302424,38194328600
1787891010.4731228,58262786096,38360978585
1787891025.5338802,58570817637,38473541367
1787891040.5903485,59034713733,38630164288
1787891055.643751,59504246698,38794652302
1787891070.7128465,59970240277,38961040418
1787891085.7761412,60439771861,39124347403
1787891100.8318892,60869289644,39266842635
1787891115.8996296,61221661436,39388094084
1787891130.9536886,61693945783,39548255592
1787891146.0144413,62160659740,39704681718
1787891161.0935113,62569189394,39846373909
1787891176.1297455,62934619655,39977996851
1787891191.1931384,63399955640,40135338765
1787891206.265186,63862278291,40295041297
1787891221.3326175,64308723639,40449483358
1787891236.4213881,64637156531,40554791299
1787891251.4898665,65096988397,40699157990
1787891266.5495489,65567766311,40855322697
1787891281.6036537,66027390167,41014489122
1787891296.671573,66508598012,41167845488
1787891311.7491682,66822135062,41267432627
1787891326.8124082,67293959617,41417828231
1787891341.8801398,67759100345,41566717352
1787891356.9139132,68225616793,41715147185
1787891371.979125,68537319389,41812244510
1787891387.0643125,68999314007,41955955905
1787891402.214872,69467797144,42108318507
1787891417.2910366,69927955799,42250718227
1787891432.328109,70394211644,42393710113
1787891447.3993828,70864399196,42549284458
1787891462.4888604,71172299475,42645200906
1787891477.807183,71638161755,42791076027
1787891492.870878,72111757628,42933674693
1787891507.93978,72581289576,43083285018
1787891523.0083988,72893450328,43180906035
1787891538.1022608,73360034258,43328092630
1787891553.168892,73824454567,43472591316
1787891568.209635,74287694515,43617416969
1787891583.264375,74599068718,43710057133
1787891598.3009481,75158212368,43885119416
1787891613.3899474,75535970777,44001741994
1787891628.4276896,76001635604,44139620878
1787891643.4827738,76468020588,44276974735
1787891658.5212111,76850377672,44391511316
1787891673.5756865,77241062478,44508411843
1787891688.662868,77708955264,44650746910
1787891703.7238572,78179470501,44792820844
1787891718.7619448,78608401623,44915262866
1787891733.796219,79051821950,45041186402
1787891748.8627925,79423943906,45153876463
1787891763.9553578,79893607015,45288741277
1787891779.0216165,80358879254,45419018613
1787891794.0555868,80827034814,45551720518
1787891809.1268501,81140572355,45642264180
1787891824.2137318,81608137699,45778242493
1787891839.281319,82079506180,45908324615
1787891854.3155532,82546153660,46039583976
1787891869.3883085,82851301820,46130389009
1787891884.485097,83315262386,46258240560
1787891899.5685878,83784139798,46386880189
1787891917.0633538,84248494016,46513683600
1787891932.1038656,84708392052,46642453357
1787891947.1705382,85179627514,46773254428
1787891962.2302544,85642343241,46897567380
1787891977.2990308,85956863688,46978673724
1787891992.358443,86423839137,47101806910
1787892007.4391587,86889832310,47231232316
1787892022.4753444,87352482887,47364982838
1787892037.5533516,87814412773,47489492989
1787892052.5943196,88172825494,47583296471
1787892067.6778798,88588174562,47699957580
1787892082.7427268,89060656306,47824992581
1787892097.808164,89524420489,47948977733
1787892112.874167,89890250019,48050329096
1787892127.931405,90302049094,48157804116
1787892142.997804,90769024742,48274383901
1787892158.0652814,91236918086,48397976230
1787892173.1359918,91689531088,48515922009
1787892188.2023685,92009565555,48599658789
1787892203.273462,92480474028,48727904647
1787892218.346319,92950791026,48850971510
1787892233.3870077,93396448934,48964583635
1787892248.467322,93885333393,49084132327
1787892263.5355468,94195200537,49169694872
1787892278.6774902,94662634488,49292434592
1787892293.7392628,95132429075,49416158692
1787892308.8047655,95596586228,49534048750
1787892323.8985145,95905929173,49613188856
1787892338.9523985,96372970101,49731603393
1787892354.0211513,96837061462,49846281931
1787892369.0882325,97296304339,49967974001
1787892384.1485965,97762493753,50085340416
1787892399.220234,98080033716,50160094628
1787892414.2935243,98541566060,50272738437
1787892429.3472857,99005394716,50385778014
1787892444.3818634,99464047005,50494165512
1787892459.4599724,99778895515,50575206703
1787892474.5221953,100254391001,50687002518
1787892489.5895278,100720514067,50801484537
1787892504.6230335,101183033267,50912100546
1787892519.6889818,101495850077,50993534869
1787892534.7760415,101951750103,51108541752
1787892549.9256146,102419316208,51218044282
1787892564.959045,102889830164,51329249479
1787892580.0251431,103200811640,51404719700
1787892595.0887964,103701377266,51526446839
1787892610.155073,104125917393,51633424639
1787892625.1915166,104590402396,51740435891
1787892640.2563517,105056068128,51856295584
1787892655.2984605,105443935142,51947309647
1787892670.3900096,105830485465,52037990059
1787892685.4527378,106298904226,52148541853
1787892700.5085497,106764962850,52259682630
1787892715.5514588,107155448504,52348662277
1787892730.586317,107567448438,52442247916
1787892745.665465,108015532017,52549503888
1787892760.71948,108474774612,52663331356
1787892775.780671,108932575517,52769163534
1787892790.848394,109391097020,52875257558
1787892805.9021847,109700504799,52947122466
1787892824.4245849,110272965781,53087726337
