1787959112,1594413, 43484
1787959112,1594413, 264
1787959112,1594413, 264
1787959112,1594413, 264
1787959127,1594413, 43486
1787959127,1594413, 264
1787959127,1594413, 264
1787959127,1594413, 264
1787959142,1594413, 43486
1787959142,1594413, 264
1787959142,1594413, 264
1787959142,1594413, 264
1787959157,1594413, 43486
1787959157,1594413, 264
1787959157,1594413, 264
1787959157,1594413, 264
1787959172,1594413, 43486
1787959172,1594413, 264
1787959172,1594413, 264
1787959172,1594413, 264
1787959187,1594413, 43486
1787959187,1594413, 264
1787959187,1594413, 264
1787959187,1594413, 264
1787959202,1594413, 43486
1787959202,1594413, 264
1787959202,1594413, 264
1787959202,1594413, 264
1787959217,1594413, 43486
1787959217,1594413, 264
1787959217,1594413, 264
1787959217,1594413, 264
1787959232,1594413, 43486
1787959232,1594413, 264
1787959232,1594413, 264
1787959232,1594413, 264
1787959247,1594413, 43644
1787959247,1594413, 43640
1787959247,1594413, 43640
1787959247,1594413, 43640
1787959262,1594413, 43644
1787959262,1594413, 43640
1787959262,1594413, 43640
1787959262,1594413, 43640
1787959277,1594413, 43644
1787959277,1594413, 43640
1787959277,1594413, 43640
1787959277,1594413, 43640
1787959292,1594413, 43644
1787959292,1594413, 43640
1787959292,1594413, 43640
1787959292,1594413, 43640
1787959308,1594413, 43644
1787959308,1594413, 43640
1787959308,1594413, 43640
1787959308,1594413, 43640
1787959323,1594413, 43676
1787959323,1594413, 43640
1787959323,1594413, 43640
1787959323,1594413, 43640
1787959338,1594413, 43678
1787959338,1594413, 43640
1787959338,1594413, 43640
1787959338,1594413, 43640
1787959353,1594413, 43678
1787959353,1594413, 43640
1787959353,1594413, 43640
1787959353,1594413, 43640
1787959368,1594413, 43678
1787959368,1594413, 43640
1787959368,1594413, 43640
1787959368,1594413, 43640
1787959383,1594413, 43678
1787959383,1594413, 43640
1787959383,1594413, 43640
1787959383,1594413, 43640
1787959398,1594413, 43790
1787959398,1594413, 43774
1787959398,1594413, 43774
1787959398,1594413, 43774
1787959413,1594413, 43790
1787959413,1594413, 43774
1787959413,1594413, 43774
1787959413,1594413, 43774
1787959428,1594413, 43790
1787959428,1594413, 43774
1787959428,1594413, 43774
1787959428,1594413, 43774
1787959443,1594413, 43790
1787959443,1594413, 43774
1787959443,1594413, 43774
1787959443,1594413, 43774
1787959458,1594413, 43790
1787959458,1594413, 43774
1787959458,1594413, 43774
1787959458,1594413, 43774
1787959473,1594413, 43790
1787959473,1594413, 43774
1787959473,1594413, 43774
1787959473,1594413, 43774
1787959488,1594413, 43790
1787959488,1594413, 43774
1787959488,1594413, 43774
1787959488,1594413, 43774
1787959503,1594413, 43790
1787959503,1594413, 43774
1787959503,1594413, 43774
1787959503,1594413, 43774
1787959519,1594413, 43790
1787959519,1594413, 43774
1787959519,1594413, 43774
1787959519,1594413, 43774
1787959534,1594413, 43790
1787959534,1594413, 43774
1787959534,1594413, 43774
1787959534,1594413, 43774
1787959549,1594413, 43790
1787959549,1594413, 43774
1787959549,1594413, 43774
1787959549,1594413, 43774
1787959564,1594413, 43790
1787959564,1594413, 43774
1787959564,1594413, 43774
1787959564,1594413, 43774
1787959579,1594413, 43790
1787959579,1594413, 43774
1787959579,1594413, 43774
1787959579,1594413, 43774
1787959594,1594413, 43790
1787959594,1594413, 43774
1787959594,1594413, 43774
1787959594,1594413, 43774
1787959609,1594413, 43790
1787959609,1594413, 43774
1787959609,1594413, 43774
1787959609,1594413, 43774
1787959624,1594413, 43790
1787959624,1594413, 43774
1787959624,1594413, 43774
1787959624,1594413, 43774
1787959639,1594413, 43790
1787959639,1594413, 43774
1787959639,1594413, 43774
1787959639,1594413, 43774
1787959654,1594413, 43790
1787959654,1594413, 43774
1787959654,1594413, 43774
1787959654,1594413, 43774
1787959669,1594413, 43790
1787959669,1594413, 43774
1787959669,1594413, 43774
1787959669,1594413, 43774
1787959684,1594413, 43790
1787959684,1594413, 43774
1787959684,1594413, 43774
1787959684,1594413, 43774
1787959699,1594413, 43790
1787959699,1594413, 43774
1787959699,1594413, 43774
1787959699,1594413, 43774
1787959715,1594413, 43790
1787959715,1594413, 43774
1787959715,1594413, 43774
1787959715,1594413, 43774
1787959730,1594413, 43790
1787959730,1594413, 43774
1787959730,1594413, 43774
1787959730,1594413, 43774
1787959745,1594413, 43790
1787959745,1594413, 43774
1787959745,1594413, 43774
1787959745,1594413, 43774
1787959760,1594413, 43790
1787959760,1594413, 43774
1787959760,1594413, 43774
1787959760,1594413, 43774
1787959775,1594413, 43790
1787959775,1594413, 43774
1787959775,1594413, 43774
1787959775,1594413, 43774
1787959790,1594413, 43790
1787959790,1594413, 43774
1787959790,1594413, 43774
1787959790,1594413, 43774
1787959805,1594413, 43790
1787959805,1594413, 43774
1787959805,1594413, 43774
1787959805,1594413, 43774
1787959820,1594413, 43790
1787959820,1594413, 43774
1787959820,1594413, 43774
1787959820,1594413, 43774
1787959835,1594413, 43790
1787959835,1594413, 43774
1787959835,1594413, 43774
1787959835,1594413, 43774
1787959850,1594413, 43790
1787959850,1594413, 43774
1787959850,1594413, 43774
1787959850,1594413, 43774
1787959865,1594413, 43790
1787959865,1594413, 43774
1787959865,1594413, 43774
1787959865,1594413, 43774
1787959880,1594413, 43790
1787959880,1594413, 43774
1787959880,1594413, 43774
1787959880,1594413, 43774
1787959895,1594413, 43790
1787959895,1594413, 43774
1787959895,1594413, 43774
1787959895,1594413, 43774
1787959911,1594413, 43790
1787959911,1594413, 43774
1787959911,1594413, 43774
1787959911,1594413, 43774
1787959926,1594413, 43790
1787959926,1594413, 43774
1787959926,1594413, 43774
1787959926,1594413, 43774
1787959941,1594413, 43790
1787959941,1594413, 43774
1787959941,1594413, 43774
1787959941,1594413, 43774
1787959956,1594413, 43790
1787959956,1594413, 43774
1787959956,1594413, 43774
1787959956,1594413, 43774
1787959971,1594413, 43790
1787959971,1594413, 43774
1787959971,1594413, 43774
1787959971,1594413, 43774
1787959986,1594413, 43790
1787959986,1594413, 43774
1787959986,1594413, 43774
1787959986,1594413, 43774
1787960002,1594413, 43790
1787960002,1594413, 43774
1787960002,1594413, 43774
1787960002,1594413, 43774
1787960017,1594413, 43790
1787960017,1594413, 43774
1787960017,1594413, 43774
1787960017,1594413, 43774
1787960032,1594413, 43790
1787960032,1594413, 43774
1787960032,1594413, 43774
1787960032,1594413, 43774
1787960047,1594413, 43790
1787960047,1594413, 43774
1787960047,1594413, 43774
1787960047,1594413, 43774
1787960062,1594413, 43790
1787960062,1594413, 43774
1787960062,1594413, 43774
1787960062,1594413, 43774
1787960077,1594413, 43790
1787960077,1594413, 43774
1787960077,1594413, 43774
1787960077,1594413, 43774
1787960092,1594413, 43790
1787960092,1594413, 43774
1787960092,1594413, 43774
1787960092,1594413, 43774
1787960107,1594413, 43790
1787960107,1594413, 43774
1787960107,1594413, 43774
1787960107,1594413, 43774
1787960123,1594413, 43790
1787960123,1594413, 43774
1787960123,1594413, 43774
1787960123,1594413, 43774
1787960138,1594413, 43790
1787960138,1594413, 43774
1787960138,1594413, 43774
1787960138,1594413, 43774
1787960153,1594413, 43790
1787960153,1594413, 43774
1787960153,1594413, 43774
1787960153,1594413, 43774
1787960168,1594413, 43790
1787960168,1594413, 43774
1787960168,1594413, 43774
1787960168,1594413, 43774
1787960183,1594413, 43790
1787960183,1594413, 43774
1787960183,1594413, 43774
1787960183,1594413, 43774
1787960198,1594413, 43790
1787960198,1594413, 43774
1787960198,1594413, 43774
1787960198,1594413, 43774
1787960213,1594413, 43790
1787960213,1594413, 43774
1787960213,1594413, 43774
1787960213,1594413, 43774
1787960228,1594413, 43790
1787960228,1594413, 43774
1787960228,1594413, 43774
1787960228,1594413, 43774
1787960243,1594413, 43790
1787960243,1594413, 43774
1787960243,1594413, 43774
1787960243,1594413, 43774
1787960258,1594413, 43790
1787960258,1594413, 43774
1787960258,1594413, 43774
1787960258,1594413, 43774
1787960273,1594413, 43790
1787960273,1594413, 43774
1787960273,1594413, 43774
1787960273,1594413, 43774
1787960288,1594413, 43790
1787960288,1594413, 43774
1787960288,1594413, 43774
1787960288,1594413, 43774
1787960303,1594413, 43790
1787960303,1594413, 43774
1787960303,1594413, 43774
1787960303,1594413, 43774
1787960318,1594413, 43790
1787960318,1594413, 43774
1787960318,1594413, 43774
1787960318,1594413, 43774
1787960334,1594413, 43790
1787960334,1594413, 43774
1787960334,1594413, 43774
1787960334,1594413, 43774
1787960349,1594413, 43790
1787960349,1594413, 43774
1787960349,1594413, 43774
1787960349,1594413, 43774
1787960364,1594413, 43790
1787960364,1594413, 43774
1787960364,1594413, 43774
1787960364,1594413, 43774
1787960379,1594413, 43790
1787960379,1594413, 43774
1787960379,1594413, 43774
1787960379,1594413, 43774
1787960394,1594413, 43790
1787960394,1594413, 43774
1787960394,1594413, 43774
1787960394,1594413, 43774
1787960409,1594413, 43790
1787960409,1594413, 43774
1787960409,1594413, 43774
1787960409,1594413, 43774
1787960424,1594413, 43790
1787960424,1594413, 43774
1787960424,1594413, 43774
1787960424,1594413, 43774
1787960439,1594413, 43790
1787960439,1594413, 43774
1787960439,1594413, 43774
1787960439,1594413, 43774
1787960454,1594413, 43790
1787960454,1594413, 43774
1787960454,1594413, 43774
1787960454,1594413, 43774
1787960469,1594413, 43790
1787960469,1594413, 43774
1787960469,1594413, 43774
1787960469,1594413, 43774
1787960484,1594413, 43790
1787960484,1594413, 43774
1787960484,1594413, 43774
1787960484,1594413, 43774
1787960499,1594413, 43790
1787960499,1594413, 43774
1787960499,1594413, 43774
1787960499,1594413, 43774
1787960514,1594413, 43790
1787960514,1594413, 43774
1787960514,1594413, 43774
1787960514,1594413, 43774
1787960530,1594413, 43790
1787960530,1594413, 43774
1787960530,1594413, 43774
1787960530,1594413, 43774
1787960545,1594413, 43790
1787960545,1594413, 43774
1787960545,1594413, 43774
1787960545,1594413, 43774
1787960560,1594413, 43790
1787960560,1594413, 43774
1787960560,1594413, 43774
1787960560,1594413, 43774
1787960575,1594413, 43790
1787960575,1594413, 43774
1787960575,1594413, 43774
1787960575,1594413, 43774
1787960590,1594413, 43790
1787960590,1594413, 43774
1787960590,1594413, 43774
1787960590,1594413, 43774
1787960605,1594413, 43790
1787960605,1594413, 43774
1787960605,1594413, 43774
1787960605,1594413, 43774
1787960620,1594413, 43790
1787960620,1594413, 43774
1787960620,1594413, 43774
1787960620,1594413, 43774
1787960635,1594413, 43790
1787960635,1594413, 43774
1787960635,1594413, 43774
1787960635,1594413, 43774
1787960650,1594413, 43790
1787960650,1594413, 43774
1787960650,1594413, 43774
1787960650,1594413, 43774
1787960665,1594413, 43790
1787960665,1594413, 43774
1787960665,1594413, 43774
1787960665,1594413, 43774
1787960681,1594413, 43790
1787960681,1594413, 43774
1787960681,1594413, 43774
1787960681,1594413, 43774
1787960696,1594413, 43790
1787960696,1594413, 43774
1787960696,1594413, 43774
1787960696,1594413, 43774
1787960711,1594413, 43790
1787960711,1594413, 43774
1787960711,1594413, 43774
1787960711,1594413, 43774
1787960726,1594413, 43790
1787960726,1594413, 43774
1787960726,1594413, 43774
1787960726,1594413, 43774
1787960741,1594413, 43790
1787960741,1594413, 43774
1787960741,1594413, 43774
1787960741,1594413, 43774
1787960756,1594413, 43790
1787960756,1594413, 43774
1787960756,1594413, 43774
1787960756,1594413, 43774
1787960771,1594413, 43790
1787960771,1594413, 43774
1787960771,1594413, 43774
1787960771,1594413, 43774
1787960786,1594413, 43790
1787960786,1594413, 43774
1787960786,1594413, 43774
1787960786,1594413, 43774
1787960801,1594413, 43790
1787960801,1594413, 43774
1787960801,1594413, 43774
1787960801,1594413, 43774
1787960816,1594413, 43790
1787960816,1594413, 43774
1787960816,1594413, 43774
1787960816,1594413, 43774
1787960831,1594413, 43790
1787960831,1594413, 43774
1787960831,1594413, 43774
1787960831,1594413, 43774
1787960846,1594413, 43790
1787960846,1594413, 43774
1787960846,1594413, 43774
1787960846,1594413, 43774
1787960862,1594413, 43790
1787960862,1594413, 43774
1787960862,1594413, 43774
1787960862,1594413, 43774
1787960877,1594413, 43790
1787960877,1594413, 43774
1787960877,1594413, 43774
1787960877,1594413, 43774
1787960892,1594413, 43790
1787960892,1594413, 43774
1787960892,1594413, 43774
1787960892,1594413, 43774
1787960907,1594413, 43790
1787960907,1594413, 43774
1787960907,1594413, 43774
1787960907,1594413, 43774
1787960922,1594413, 43790
1787960922,1594413, 43774
1787960922,1594413, 43774
1787960922,1594413, 43774
1787960937,1594413, 43790
1787960937,1594413, 43774
1787960937,1594413, 43774
1787960937,1594413, 43774
1787960952,1594413, 43790
1787960952,1594413, 43774
1787960952,1594413, 43774
1787960952,1594413, 43774
1787960967,1594413, 43790
1787960967,1594413, 43774
1787960967,1594413, 43774
1787960967,1594413, 43774
1787960982,1594413, 43790
1787960982,1594413, 43774
1787960982,1594413, 43774
1787960982,1594413, 43774
1787960997,1594413, 43790
1787960997,1594413, 43774
1787960997,1594413, 43774
1787960997,1594413, 43774
1787961012,1594413, 43790
1787961012,1594413, 43774
1787961012,1594413, 43774
1787961012,1594413, 43774
1787961027,1594413, 43790
1787961027,1594413, 43774
1787961027,1594413, 43774
1787961027,1594413, 43774
1787961042,1594413, 43790
1787961042,1594413, 43774
1787961042,1594413, 43774
1787961042,1594413, 43774
1787961058,1594413, 43790
1787961058,1594413, 43774
1787961058,1594413, 43774
1787961058,1594413, 43774
1787961073,1594413, 43790
1787961073,1594413, 43774
1787961073,1594413, 43774
1787961073,1594413, 43774
1787961088,1594413, 43790
1787961088,1594413, 43774
1787961088,1594413, 43774
1787961088,1594413, 43774
1787961103,1594413, 43790
1787961103,1594413, 43774
1787961103,1594413, 43774
1787961103,1594413, 43774
1787961118,1594413, 43790
1787961118,1594413, 43774
1787961118,1594413, 43774
1787961118,1594413, 43774
1787961133,1594413, 43790
1787961133,1594413, 43774
1787961133,1594413, 43774
1787961133,1594413, 43774
1787961148,1594413, 43790
1787961148,1594413, 43774
1787961148,1594413, 43774
1787961148,1594413, 43774
1787961163,1594413, 43790
1787961163,1594413, 43774
1787961163,1594413, 43774
1787961163,1594413, 43774
1787961178,1594413, 43790
1787961178,1594413, 43774
1787961178,1594413, 43774
1787961178,1594413, 43774
1787961193,1594413, 43790
1787961193,1594413, 43774
1787961193,1594413, 43774
1787961193,1594413, 43774
1787961208,1594413, 43790
1787961208,1594413, 43774
1787961208,1594413, 43774
1787961208,1594413, 43774
1787961223,1594413, 43790
1787961223,1594413, 43774
1787961223,1594413, 43774
1787961223,1594413, 43774
1787961238,1594413, 43790
1787961238,1594413, 43774
1787961238,1594413, 43774
1787961238,1594413, 43774
1787961254,1594413, 43790
1787961254,1594413, 43774
1787961254,1594413, 43774
1787961254,1594413, 43774
1787961269,1594413, 43790
1787961269,1594413, 43774
1787961269,1594413, 43774
1787961269,1594413, 43774
1787961284,1594413, 43790
1787961284,1594413, 43774
1787961284,1594413, 43774
1787961284,1594413, 43774
1787961299,1594413, 43790
1787961299,1594413, 43774
1787961299,1594413, 43774
1787961299,1594413, 43774
1787961314,1594413, 43790
1787961314,1594413, 43774
1787961314,1594413, 43774
1787961314,1594413, 43774
1787961330,1594413, 43790
1787961330,1594413, 43774
1787961330,1594413, 43774
1787961330,1594413, 43774
1787961345,1594413, 43790
1787961345,1594413, 43774
1787961345,1594413, 43774
1787961345,1594413, 43774
1787961360,1594413, 43790
1787961360,1594413, 43774
1787961360,1594413, 43774
1787961360,1594413, 43774
1787961375,1594413, 43790
1787961375,1594413, 43774
1787961375,1594413, 43774
1787961375,1594413, 43774
1787961390,1594413, 43790
1787961390,1594413, 43774
1787961390,1594413, 43774
1787961390,1594413, 43774
1787961405,1594413, 43790
1787961405,1594413, 43774
1787961405,1594413, 43774
1787961405,1594413, 43774
1787961421,1594413, 43790
1787961421,1594413, 43774
1787961421,1594413, 43774
1787961421,1594413, 43774
1787961436,1594413, 43790
1787961436,1594413, 43774
1787961436,1594413, 43774
1787961436,1594413, 43774
1787961451,1594413, 43790
1787961451,1594413, 43774
1787961451,1594413, 43774
1787961451,1594413, 43774
1787961466,1594413, 43790
1787961466,1594413, 43774
1787961466,1594413, 43774
1787961466,1594413, 43774
1787961481,1594413, 43790
1787961481,1594413, 43774
1787961481,1594413, 43774
1787961481,1594413, 43774
1787961497,1594413, 43790
1787961497,1594413, 43774
1787961497,1594413, 43774
1787961497,1594413, 43774
1787961512,1594413, 43790
1787961512,1594413, 43774
1787961512,1594413, 43774
1787961512,1594413, 43774
1787961527,1594413, 43790
1787961527,1594413, 43774
1787961527,1594413, 43774
1787961527,1594413, 43774
1787961542,1594413, 43790
1787961542,1594413, 43774
1787961542,1594413, 43774
1787961542,1594413, 43774
1787961557,1594413, 43790
1787961557,1594413, 43774
1787961557,1594413, 43774
1787961557,1594413, 43774
1787961572,1594413, 43790
1787961572,1594413, 43774
1787961572,1594413, 43774
1787961572,1594413, 43774
1787961587,1594413, 43790
1787961587,1594413, 43774
1787961587,1594413, 43774
1787961587,1594413, 43774
1787961602,1594413, 43790
1787961602,1594413, 43774
1787961602,1594413, 43774
1787961602,1594413, 43774
1787961617,1594413, 43790
1787961617,1594413, 43774
1787961617,1594413, 43774
1787961617,1594413, 43774
1787961632,1594413, 43790
1787961632,1594413, 43774
1787961632,1594413, 43774
1787961632,1594413, 43774
1787961647,1594413, 43790
1787961647,1594413, 43774
1787961647,1594413, 43774
1787961647,1594413, 43774
1787961663,1594413, 43790
1787961663,1594413, 43774
1787961663,1594413, 43774
1787961663,1594413, 43774
1787961678,1594413, 43790
1787961678,1594413, 43774
1787961678,1594413, 43774
1787961678,1594413, 43774
1787961693,1594413, 43790
1787961693,1594413, 43774
1787961693,1594413, 43774
1787961693,1594413, 43774
1787961708,1594413, 43790
1787961708,1594413, 43774
1787961708,1594413, 43774
1787961708,1594413, 43774
1787961723,1594413, 43790
1787961723,1594413, 43774
1787961723,1594413, 43774
1787961723,1594413, 43774
1787961738,1594413, 43790
1787961738,1594413, 43774
1787961738,1594413, 43774
1787961738,1594413, 43774
1787961753,1594413, 43790
1787961753,1594413, 43774
1787961753,1594413, 43774
1787961753,1594413, 43774
1787961769,1594413, 43790
1787961769,1594413, 43774
1787961769,1594413, 43774
1787961769,1594413, 43774
1787961784,1594413, 43790
1787961784,1594413, 43774
1787961784,1594413, 43774
1787961784,1594413, 43774
1787961799,1594413, 43790
1787961799,1594413, 43774
1787961799,1594413, 43774
1787961799,1594413, 43774
1787961814,1594413, 43790
1787961814,1594413, 43774
1787961814,1594413, 43774
1787961814,1594413, 43774
1787961829,1594413, 43790
1787961829,1594413, 43774
1787961829,1594413, 43774
1787961829,1594413, 43774
1787961844,1594413, 43790
1787961844,1594413, 43774
1787961844,1594413, 43774
1787961844,1594413, 43774
1787961859,1594413, 43790
1787961859,1594413, 43774
1787961859,1594413, 43774
1787961859,1594413, 43774
1787961874,1594413, 43790
1787961874,1594413, 43774
1787961874,1594413, 43774
1787961874,1594413, 43774
1787961889,1594413, 43790
1787961889,1594413, 43774
1787961889,1594413, 43774
1787961889,1594413, 43774
1787961904,1594413, 43790
1787961904,1594413, 43774
1787961904,1594413, 43774
1787961904,1594413, 43774
1787961919,1594413, 43790
1787961919,1594413, 43774
1787961919,1594413, 43774
1787961919,1594413, 43774
1787961934,1594413, 43790
1787961934,1594413, 43774
1787961934,1594413, 43774
1787961934,1594413, 43774
1787961950,1594413, 43790
1787961950,1594413, 43774
1787961950,1594413, 43774
1787961950,1594413, 43774
1787961965,1594413, 43790
1787961965,1594413, 43774
1787961965,1594413, 43774
1787961965,1594413, 43774
1787961980,1594413, 43790
1787961980,1594413, 43774
1787961980,1594413, 43774
1787961980,1594413, 43774
1787961995,1594413, 43790
1787961995,1594413, 43774
1787961995,1594413, 43774
1787961995,1594413, 43774
1787962010,1594413, 43790
1787962010,1594413, 43774
1787962010,1594413, 43774
1787962010,1594413, 43774
1787962025,1594413, 43790
1787962025,1594413, 43774
1787962025,1594413, 43774
1787962025,1594413, 43774
1787962040,1594413, 43790
1787962040,1594413, 43774
1787962040,1594413, 43774
1787962040,1594413, 43774
1787962055,1594413, 43790
1787962055,1594413, 43774
1787962055,1594413, 43774
1787962055,1594413, 43774
1787962070,1594413, 43790
1787962070,1594413, 43774
1787962070,1594413, 43774
1787962070,1594413, 43774
1787962085,1594413, 43790
1787962085,1594413, 43774
1787962085,1594413, 43774
1787962085,1594413, 43774
1787962100,1594413, 43790
1787962100,1594413, 43774
1787962100,1594413, 43774
1787962100,1594413, 43774
1787962115,1594413, 43790
1787962115,1594413, 43774
1787962115,1594413, 43774
1787962115,1594413, 43774
1787962131,1594413, 43790
1787962131,1594413, 43774
1787962131,1594413, 43774
1787962131,1594413, 43774
1787962146,1594413, 43790
1787962146,1594413, 43774
1787962146,1594413, 43774
1787962146,1594413, 43774
1787962161,1594413, 43790
1787962161,1594413, 43774
1787962161,1594413, 43774
1787962161,1594413, 43774
1787962176,1594413, 43790
1787962176,1594413, 43774
1787962176,1594413, 43774
1787962176,1594413, 43774
1787962191,1594413, 43790
1787962191,1594413, 43774
1787962191,1594413, 43774
1787962191,1594413, 43774
1787962206,1594413, 43790
1787962206,1594413, 43774
1787962206,1594413, 43774
1787962206,1594413, 43774
1787962221,1594413, 43790
1787962221,1594413, 43774
1787962221,1594413, 43774
1787962221,1594413, 43774
1787962236,1594413, 43790
1787962236,1594413, 43774
1787962236,1594413, 43774
1787962236,1594413, 43774
1787962251,1594413, 43790
1787962251,1594413, 43774
1787962251,1594413, 43774
1787962251,1594413, 43774
1787962267,1594413, 43790
1787962267,1594413, 43774
1787962267,1594413, 43774
1787962267,1594413, 43774
1787962282,1594413, 43790
1787962282,1594413, 43774
1787962282,1594413, 43774
1787962282,1594413, 43774
1787962297,1594413, 43790
1787962297,1594413, 43774
1787962297,1594413, 43774
1787962297,1594413, 43774
1787962312,1594413, 43790
1787962312,1594413, 43774
1787962312,1594413, 43774
1787962312,1594413, 43774
1787962327,1594413, 43790
1787962327,1594413, 43774
1787962327,1594413, 43774
1787962327,1594413, 43774
1787962342,1594413, 43790
1787962342,1594413, 43774
1787962342,1594413, 43774
1787962342,1594413, 43774
1787962357,1594413, 43790
1787962357,1594413, 43774
1787962357,1594413, 43774
1787962357,1594413, 43774
1787962372,1594413, 43790
1787962372,1594413, 43774
1787962372,1594413, 43774
1787962372,1594413, 43774
1787962387,1594413, 43790
1787962387,1594413, 43774
1787962387,1594413, 43774
1787962387,1594413, 43774
1787962402,1594413, 43790
1787962402,1594413, 43774
1787962402,1594413, 43774
1787962402,1594413, 43774
1787962417,1594413, 43790
1787962417,1594413, 43774
1787962417,1594413, 43774
1787962417,1594413, 43774
1787962432,1594413, 43790
1787962432,1594413, 43774
1787962432,1594413, 43774
1787962432,1594413, 43774
1787962447,1594413, 43790
1787962447,1594413, 43774
1787962447,1594413, 43774
1787962447,1594413, 43774
1787962463,1594413, 43790
1787962463,1594413, 43774
1787962463,1594413, 43774
1787962463,1594413, 43774
1787962478,1594413, 43790
1787962478,1594413, 43774
1787962478,1594413, 43774
1787962478,1594413, 43774
1787962493,1594413, 43790
1787962493,1594413, 43774
1787962493,1594413, 43774
1787962493,1594413, 43774
1787962508,1594413, 43790
1787962508,1594413, 43774
1787962508,1594413, 43774
1787962508,1594413, 43774
1787962523,1594413, 43790
1787962523,1594413, 43774
1787962523,1594413, 43774
1787962523,1594413, 43774
1787962538,1594413, 43790
1787962538,1594413, 43774
1787962538,1594413, 43774
1787962538,1594413, 43774
1787962553,1594413, 43790
1787962553,1594413, 43774
1787962553,1594413, 43774
1787962553,1594413, 43774
1787962568,1594413, 43790
1787962568,1594413, 43774
1787962568,1594413, 43774
1787962568,1594413, 43774
1787962583,1594413, 43790
1787962583,1594413, 43774
1787962583,1594413, 43774
1787962583,1594413, 43774
1787962599,1594413, 43790
1787962599,1594413, 43774
1787962599,1594413, 43774
1787962599,1594413, 43774
1787962616,1594413, 43790
1787962616,1594413, 43774
1787962616,1594413, 43774
1787962616,1594413, 43774
1787962632,1594413, 43790
1787962632,1594413, 43774
1787962632,1594413, 43774
1787962632,1594413, 43774
1787962647,1594413, 43790
1787962647,1594413, 43774
1787962647,1594413, 43774
1787962647,1594413, 43774
1787962662,1594413, 43790
1787962662,1594413, 43774
1787962662,1594413, 43774
1787962662,1594413, 43774
1787962677,1594413, 43790
1787962677,1594413, 43774
1787962677,1594413, 43774
1787962677,1594413, 43774
1787962692,1594413, 43790
1787962692,1594413, 43774
1787962692,1594413, 43774
1787962692,1594413, 43774
1787962707,1594413, 43790
1787962707,1594413, 43774
1787962707,1594413, 43774
1787962707,1594413, 43774
