1787965995,577603, 43486
1787965995,577603, 264
1787965995,577603, 264
1787965995,577603, 264
1787966010,577603, 43486
1787966010,577603, 264
1787966010,577603, 264
1787966010,577603, 264
1787966025,577603, 43486
1787966025,577603, 264
1787966025,577603, 264
1787966025,577603, 264
1787966040,577603, 43486
1787966040,577603, 264
1787966040,577603, 264
1787966040,577603, 264
1787966055,577603, 43486
1787966055,577603, 264
1787966055,577603, 264
1787966055,577603, 264
1787966071,577603, 43486
1787966071,577603, 264
1787966071,577603, 264
1787966071,577603, 264
1787966086,577603, 43486
1787966086,577603, 264
1787966086,577603, 264
1787966086,577603, 264
1787966101,577603, 43486
1787966101,577603, 264
1787966101,577603, 264
1787966101,577603, 264
1787966116,577603, 43644
1787966116,577603, 43640
1787966116,577603, 43640
1787966116,577603, 43640
1787966131,577603, 43644
1787966131,577603, 43640
1787966131,577603, 43640
1787966131,577603, 43640
1787966146,577603, 43644
1787966146,577603, 43640
1787966146,577603, 43640
1787966146,577603, 43640
1787966161,577603, 43644
1787966161,577603, 43640
1787966161,577603, 43640
1787966161,577603, 43640
1787966176,577603, 43644
1787966176,577603, 43640
1787966176,577603, 43640
1787966176,577603, 43640
1787966191,577603, 43644
1787966191,577603, 43640
1787966191,577603, 43640
1787966191,577603, 43640
1787966206,577603, 43676
1787966206,577603, 43640
1787966206,577603, 43640
1787966206,577603, 43640
1787966221,577603, 43680
1787966221,577603, 43640
1787966221,577603, 43640
1787966221,577603, 43640
1787966236,577603, 43680
1787966236,577603, 43640
1787966236,577603, 43640
1787966236,577603, 43640
1787966251,577603, 43680
1787966251,577603, 43640
1787966251,577603, 43640
1787966251,577603, 43640
1787966266,577603, 43792
1787966266,577603, 43774
1787966266,577603, 43774
1787966266,577603, 43774
1787966282,577603, 43792
1787966282,577603, 43774
1787966282,577603, 43774
1787966282,577603, 43774
1787966297,577603, 43792
1787966297,577603, 43774
1787966297,577603, 43774
1787966297,577603, 43774
1787966312,577603, 43792
1787966312,577603, 43774
1787966312,577603, 43774
1787966312,577603, 43774
1787966327,577603, 43792
1787966327,577603, 43774
1787966327,577603, 43774
1787966327,577603, 43774
1787966342,577603, 43792
1787966342,577603, 43774
1787966342,577603, 43774
1787966342,577603, 43774
1787966357,577603, 43792
1787966357,577603, 43774
1787966357,577603, 43774
1787966357,577603, 43774
1787966372,577603, 43792
1787966372,577603, 43774
1787966372,577603, 43774
1787966372,577603, 43774
1787966387,577603, 43792
1787966387,577603, 43774
1787966387,577603, 43774
1787966387,577603, 43774
1787966402,577603, 43792
1787966402,577603, 43774
1787966402,577603, 43774
1787966402,577603, 43774
1787966417,577603, 43792
1787966417,577603, 43774
1787966417,577603, 43774
1787966417,577603, 43774
1787966432,577603, 43792
1787966432,577603, 43774
1787966432,577603, 43774
1787966432,577603, 43774
1787966447,577603, 43792
1787966447,577603, 43774
1787966447,577603, 43774
1787966447,577603, 43774
1787966462,577603, 43792
1787966462,577603, 43774
1787966462,577603, 43774
1787966462,577603, 43774
1787966478,577603, 43792
1787966478,577603, 43774
1787966478,577603, 43774
1787966478,577603, 43774
1787966493,577603, 43792
1787966493,577603, 43774
1787966493,577603, 43774
1787966493,577603, 43774
1787966508,577603, 43792
1787966508,577603, 43774
1787966508,577603, 43774
1787966508,577603, 43774
1787966523,577603, 43792
1787966523,577603, 43774
1787966523,577603, 43774
1787966523,577603, 43774
1787966538,577603, 43792
1787966538,577603, 43774
1787966538,577603, 43774
1787966538,577603, 43774
1787966553,577603, 43792
1787966553,577603, 43774
1787966553,577603, 43774
1787966553,577603, 43774
1787966568,577603, 43792
1787966568,577603, 43774
1787966568,577603, 43774
1787966568,577603, 43774
1787966583,577603, 43792
1787966583,577603, 43774
1787966583,577603, 43774
1787966583,577603, 43774
1787966598,577603, 43792
1787966598,577603, 43774
1787966598,577603, 43774
1787966598,577603, 43774
1787966613,577603, 43792
1787966613,577603, 43774
1787966613,577603, 43774
1787966613,577603, 43774
1787966628,577603, 43792
1787966628,577603, 43774
1787966628,577603, 43774
1787966628,577603, 43774
1787966643,577603, 43792
1787966643,577603, 43774
1787966643,577603, 43774
1787966643,577603, 43774
1787966658,577603, 43792
1787966658,577603, 43774
1787966658,577603, 43774
1787966658,577603, 43774
1787966674,577603, 43792
1787966674,577603, 43774
1787966674,577603, 43774
1787966674,577603, 43774
1787966689,577603, 43792
1787966689,577603, 43774
1787966689,577603, 43774
1787966689,577603, 43774
1787966704,577603, 43792
1787966704,577603, 43774
1787966704,577603, 43774
1787966704,577603, 43774
1787966719,577603, 43792
1787966719,577603, 43774
1787966719,577603, 43774
1787966719,577603, 43774
1787966734,577603, 43792
1787966734,577603, 43774
1787966734,577603, 43774
1787966734,577603, 43774
1787966749,577603, 43792
1787966749,577603, 43774
1787966749,577603, 43774
1787966749,577603, 43774
1787966764,577603, 43792
1787966764,577603, 43774
1787966764,577603, 43774
1787966764,577603, 43774
1787966779,577603, 43792
1787966779,577603, 43774
1787966779,577603, 43774
1787966779,577603, 43774
1787966794,577603, 43792
1787966794,577603, 43774
1787966794,577603, 43774
1787966794,577603, 43774
1787966809,577603, 43792
1787966809,577603, 43774
1787966809,577603, 43774
1787966809,577603, 43774
1787966824,577603, 43792
1787966824,577603, 43774
1787966824,577603, 43774
1787966824,577603, 43774
1787966839,577603, 43792
1787966839,577603, 43774
1787966839,577603, 43774
1787966839,577603, 43774
1787966854,577603, 43792
1787966854,577603, 43774
1787966854,577603, 43774
1787966854,577603, 43774
1787966870,577603, 43792
1787966870,577603, 43774
1787966870,577603, 43774
1787966870,577603, 43774
1787966885,577603, 43792
1787966885,577603, 43774
1787966885,577603, 43774
1787966885,577603, 43774
1787966900,577603, 43792
1787966900,577603, 43774
1787966900,577603, 43774
1787966900,577603, 43774
1787966915,577603, 43792
1787966915,577603, 43774
1787966915,577603, 43774
1787966915,577603, 43774
1787966930,577603, 43792
1787966930,577603, 43774
1787966930,577603, 43774
1787966930,577603, 43774
1787966945,577603, 43792
1787966945,577603, 43774
1787966945,577603, 43774
1787966945,577603, 43774
1787966960,577603, 43792
1787966960,577603, 43774
1787966960,577603, 43774
1787966960,577603, 43774
1787966975,577603, 43792
1787966975,577603, 43774
1787966975,577603, 43774
1787966975,577603, 43774
1787966990,577603, 43792
1787966990,577603, 43774
1787966990,577603, 43774
1787966990,577603, 43774
1787967005,577603, 43792
1787967005,577603, 43774
1787967005,577603, 43774
1787967005,577603, 43774
1787967020,577603, 43792
1787967020,577603, 43774
1787967020,577603, 43774
1787967020,577603, 43774
1787967035,577603, 43792
1787967035,577603, 43774
1787967035,577603, 43774
1787967035,577603, 43774
1787967050,577603, 43792
1787967050,577603, 43774
1787967050,577603, 43774
1787967050,577603, 43774
1787967065,577603, 43792
1787967065,577603, 43774
1787967065,577603, 43774
1787967065,577603, 43774
1787967080,577603, 43792
1787967080,577603, 43774
1787967080,577603, 43774
1787967080,577603, 43774
1787967096,577603, 43792
1787967096,577603, 43774
1787967096,577603, 43774
1787967096,577603, 43774
1787967111,577603, 43792
1787967111,577603, 43774
1787967111,577603, 43774
1787967111,577603, 43774
1787967126,577603, 43792
1787967126,577603, 43774
1787967126,577603, 43774
1787967126,577603, 43774
1787967141,577603, 43792
1787967141,577603, 43774
1787967141,577603, 43774
1787967141,577603, 43774
1787967156,577603, 43792
1787967156,577603, 43774
1787967156,577603, 43774
1787967156,577603, 43774
1787967171,577603, 43792
1787967171,577603, 43774
1787967171,577603, 43774
1787967171,577603, 43774
1787967186,577603, 43792
1787967186,577603, 43774
1787967186,577603, 43774
1787967186,577603, 43774
1787967201,577603, 43792
1787967201,577603, 43774
1787967201,577603, 43774
1787967201,577603, 43774
1787967216,577603, 43792
1787967216,577603, 43774
1787967216,577603, 43774
1787967216,577603, 43774
1787967231,577603, 43792
1787967231,577603, 43774
1787967231,577603, 43774
1787967231,577603, 43774
1787967246,577603, 43792
1787967246,577603, 43774
1787967246,577603, 43774
1787967246,577603, 43774
1787967261,577603, 43792
1787967261,577603, 43774
1787967261,577603, 43774
1787967261,577603, 43774
1787967276,577603, 43792
1787967276,577603, 43774
1787967276,577603, 43774
1787967276,577603, 43774
1787967292,577603, 43792
1787967292,577603, 43774
1787967292,577603, 43774
1787967292,577603, 43774
1787967307,577603, 43792
1787967307,577603, 43774
1787967307,577603, 43774
1787967307,577603, 43774
1787967322,577603, 43792
1787967322,577603, 43774
1787967322,577603, 43774
1787967322,577603, 43774
1787967337,577603, 43792
1787967337,577603, 43774
1787967337,577603, 43774
1787967337,577603, 43774
1787967352,577603, 43792
1787967352,577603, 43774
1787967352,577603, 43774
1787967352,577603, 43774
1787967367,577603, 43792
1787967367,577603, 43774
1787967367,577603, 43774
1787967367,577603, 43774
1787967382,577603, 43792
1787967382,577603, 43774
1787967382,577603, 43774
1787967382,577603, 43774
1787967397,577603, 43792
1787967397,577603, 43774
1787967397,577603, 43774
1787967397,577603, 43774
1787967412,577603, 43792
1787967412,577603, 43774
1787967412,577603, 43774
1787967412,577603, 43774
1787967427,577603, 43792
1787967427,577603, 43774
1787967427,577603, 43774
1787967427,577603, 43774
1787967442,577603, 43792
1787967442,577603, 43774
1787967442,577603, 43774
1787967442,577603, 43774
1787967457,577603, 43792
1787967457,577603, 43774
1787967457,577603, 43774
1787967457,577603, 43774
1787967472,577603, 43792
1787967472,577603, 43774
1787967472,577603, 43774
1787967472,577603, 43774
1787967487,577603, 43792
1787967487,577603, 43774
1787967487,577603, 43774
1787967487,577603, 43774
1787967503,577603, 43792
1787967503,577603, 43774
1787967503,577603, 43774
1787967503,577603, 43774
1787967518,577603, 43792
1787967518,577603, 43774
1787967518,577603, 43774
1787967518,577603, 43774
1787967533,577603, 43792
1787967533,577603, 43774
1787967533,577603, 43774
1787967533,577603, 43774
1787967548,577603, 43792
1787967548,577603, 43774
1787967548,577603, 43774
1787967548,577603, 43774
1787967563,577603, 43792
1787967563,577603, 43774
1787967563,577603, 43774
1787967563,577603, 43774
1787967578,577603, 43792
1787967578,577603, 43774
1787967578,577603, 43774
1787967578,577603, 43774
1787967593,577603, 43792
1787967593,577603, 43774
1787967593,577603, 43774
1787967593,577603, 43774
1787967608,577603, 43792
1787967608,577603, 43774
1787967608,577603, 43774
1787967608,577603, 43774
1787967623,577603, 43792
1787967623,577603, 43774
1787967623,577603, 43774
1787967623,577603, 43774
1787967638,577603, 43792
1787967638,577603, 43774
1787967638,577603, 43774
1787967638,577603, 43774
1787967653,577603, 43792
1787967653,577603, 43774
1787967653,577603, 43774
1787967653,577603, 43774
1787967668,577603, 43792
1787967668,577603, 43774
1787967668,577603, 43774
1787967668,577603, 43774
1787967683,577603, 43792
1787967683,577603, 43774
1787967683,577603, 43774
1787967683,577603, 43774
1787967698,577603, 43792
1787967698,577603, 43774
1787967698,577603, 43774
1787967698,577603, 43774
1787967714,577603, 43792
1787967714,577603, 43774
1787967714,577603, 43774
1787967714,577603, 43774
1787967729,577603, 43792
1787967729,577603, 43774
1787967729,577603, 43774
1787967729,577603, 43774
1787967744,577603, 43792
1787967744,577603, 43774
1787967744,577603, 43774
1787967744,577603, 43774
1787967759,577603, 43792
1787967759,577603, 43774
1787967759,577603, 43774
1787967759,577603, 43774
1787967774,577603, 43792
1787967774,577603, 43774
1787967774,577603, 43774
1787967774,577603, 43774
1787967789,577603, 43792
1787967789,577603, 43774
1787967789,577603, 43774
1787967789,577603, 43774
1787967804,577603, 43792
1787967804,577603, 43774
1787967804,577603, 43774
1787967804,577603, 43774
1787967819,577603, 43792
1787967819,577603, 43774
1787967819,577603, 43774
1787967819,577603, 43774
1787967834,577603, 43792
1787967834,577603, 43774
1787967834,577603, 43774
1787967834,577603, 43774
1787967849,577603, 43792
1787967849,577603, 43774
1787967849,577603, 43774
1787967849,577603, 43774
1787967864,577603, 43792
1787967864,577603, 43774
1787967864,577603, 43774
1787967864,577603, 43774
1787967879,577603, 43792
1787967879,577603, 43774
1787967879,577603, 43774
1787967879,577603, 43774
1787967894,577603, 43792
1787967894,577603, 43774
1787967894,577603, 43774
1787967894,577603, 43774
1787967909,577603, 43792
1787967909,577603, 43774
1787967909,577603, 43774
1787967909,577603, 43774
1787967925,577603, 43792
1787967925,577603, 43774
1787967925,577603, 43774
1787967925,577603, 43774
1787967940,577603, 43792
1787967940,577603, 43774
1787967940,577603, 43774
1787967940,577603, 43774
1787967955,577603, 43792
1787967955,577603, 43774
1787967955,577603, 43774
1787967955,577603, 43774
1787967970,577603, 43792
1787967970,577603, 43774
1787967970,577603, 43774
1787967970,577603, 43774
1787967985,577603, 43792
1787967985,577603, 43774
1787967985,577603, 43774
1787967985,577603, 43774
1787968000,577603, 43792
1787968000,577603, 43774
1787968000,577603, 43774
1787968000,577603, 43774
1787968015,577603, 43792
1787968015,577603, 43774
1787968015,577603, 43774
1787968015,577603, 43774
1787968030,577603, 43792
1787968030,577603, 43774
1787968030,577603, 43774
1787968030,577603, 43774
1787968045,577603, 43792
1787968045,577603, 43774
1787968045,577603, 43774
1787968045,577603, 43774
1787968060,577603, 43792
1787968060,577603, 43774
1787968060,577603, 43774
1787968060,577603, 43774
1787968075,577603, 43792
1787968075,577603, 43774
1787968075,577603, 43774
1787968075,577603, 43774
1787968090,577603, 43792
1787968090,577603, 43774
1787968090,577603, 43774
1787968090,577603, 43774
1787968105,577603, 43792
1787968105,577603, 43774
1787968105,577603, 43774
1787968105,577603, 43774
1787968120,577603, 43792
1787968120,577603, 43774
1787968120,577603, 43774
1787968120,577603, 43774
1787968136,577603, 43792
1787968136,577603, 43774
1787968136,577603, 43774
1787968136,577603, 43774
1787968151,577603, 43792
1787968151,577603, 43774
1787968151,577603, 43774
1787968151,577603, 43774
1787968166,577603, 43792
1787968166,577603, 43774
1787968166,577603, 43774
1787968166,577603, 43774
1787968181,577603, 43792
1787968181,577603, 43774
1787968181,577603, 43774
1787968181,577603, 43774
1787968196,577603, 43792
1787968196,577603, 43774
1787968196,577603, 43774
1787968196,577603, 43774
1787968211,577603, 43792
1787968211,577603, 43774
1787968211,577603, 43774
1787968211,577603, 43774
1787968226,577603, 43792
1787968226,577603, 43774
1787968226,577603, 43774
1787968226,577603, 43774
1787968241,577603, 43792
1787968241,577603, 43774
1787968241,577603, 43774
1787968241,577603, 43774
1787968256,577603, 43792
1787968256,577603, 43774
1787968256,577603, 43774
1787968256,577603, 43774
1787968271,577603, 43792
1787968271,577603, 43774
1787968271,577603, 43774
1787968271,577603, 43774
1787968286,577603, 43792
1787968286,577603, 43774
1787968286,577603, 43774
1787968286,577603, 43774
1787968301,577603, 43792
1787968301,577603, 43774
1787968301,577603, 43774
1787968301,577603, 43774
1787968316,577603, 43792
1787968316,577603, 43774
1787968316,577603, 43774
1787968316,577603, 43774
1787968332,577603, 43792
1787968332,577603, 43774
1787968332,577603, 43774
1787968332,577603, 43774
1787968347,577603, 43792
1787968347,577603, 43774
1787968347,577603, 43774
1787968347,577603, 43774
1787968362,577603, 43792
1787968362,577603, 43774
1787968362,577603, 43774
1787968362,577603, 43774
1787968377,577603, 43792
1787968377,577603, 43774
1787968377,577603, 43774
1787968377,577603, 43774
1787968392,577603, 43792
1787968392,577603, 43774
1787968392,577603, 43774
1787968392,577603, 43774
1787968407,577603, 43792
1787968407,577603, 43774
1787968407,577603, 43774
1787968407,577603, 43774
1787968422,577603, 43792
1787968422,577603, 43774
1787968422,577603, 43774
1787968422,577603, 43774
1787968437,577603, 43792
1787968437,577603, 43774
1787968437,577603, 43774
1787968437,577603, 43774
1787968452,577603, 43792
1787968452,577603, 43774
1787968452,577603, 43774
1787968452,577603, 43774
1787968467,577603, 43792
1787968467,577603, 43774
1787968467,577603, 43774
1787968467,577603, 43774
1787968482,577603, 43792
1787968482,577603, 43774
1787968482,577603, 43774
1787968482,577603, 43774
1787968497,577603, 43792
1787968497,577603, 43774
1787968497,577603, 43774
1787968497,577603, 43774
1787968512,577603, 43792
1787968512,577603, 43774
1787968512,577603, 43774
1787968512,577603, 43774
1787968527,577603, 43792
1787968527,577603, 43774
1787968527,577603, 43774
1787968527,577603, 43774
1787968543,577603, 43792
1787968543,577603, 43774
1787968543,577603, 43774
1787968543,577603, 43774
1787968558,577603, 43792
1787968558,577603, 43774
1787968558,577603, 43774
1787968558,577603, 43774
1787968573,577603, 43792
1787968573,577603, 43774
1787968573,577603, 43774
1787968573,577603, 43774
1787968588,577603, 43792
1787968588,577603, 43774
1787968588,577603, 43774
1787968588,577603, 43774
1787968603,577603, 43792
1787968603,577603, 43774
1787968603,577603, 43774
1787968603,577603, 43774
1787968618,577603, 43792
1787968618,577603, 43774
1787968618,577603, 43774
1787968618,577603, 43774
1787968633,577603, 43792
1787968633,577603, 43774
1787968633,577603, 43774
1787968633,577603, 43774
1787968648,577603, 43792
1787968648,577603, 43774
1787968648,577603, 43774
1787968648,577603, 43774
1787968663,577603, 43792
1787968663,577603, 43774
1787968663,577603, 43774
1787968663,577603, 43774
1787968678,577603, 43792
1787968678,577603, 43774
1787968678,577603, 43774
1787968678,577603, 43774
1787968693,577603, 43792
1787968693,577603, 43774
1787968693,577603, 43774
1787968693,577603, 43774
1787968708,577603, 43792
1787968708,577603, 43774
1787968708,577603, 43774
1787968708,577603, 43774
1787968724,577603, 43792
1787968724,577603, 43774
1787968724,577603, 43774
1787968724,577603, 43774
1787968739,577603, 43792
1787968739,577603, 43774
1787968739,577603, 43774
1787968739,577603, 43774
1787968754,577603, 43792
1787968754,577603, 43774
1787968754,577603, 43774
1787968754,577603, 43774
1787968769,577603, 43792
1787968769,577603, 43774
1787968769,577603, 43774
1787968769,577603, 43774
1787968784,577603, 43792
1787968784,577603, 43774
1787968784,577603, 43774
1787968784,577603, 43774
1787968799,577603, 43792
1787968799,577603, 43774
1787968799,577603, 43774
1787968799,577603, 43774
1787968814,577603, 43792
1787968814,577603, 43774
1787968814,577603, 43774
1787968814,577603, 43774
1787968829,577603, 43792
1787968829,577603, 43774
1787968829,577603, 43774
1787968829,577603, 43774
1787968844,577603, 43792
1787968844,577603, 43774
1787968844,577603, 43774
1787968844,577603, 43774
1787968859,577603, 43792
1787968859,577603, 43774
1787968859,577603, 43774
1787968859,577603, 43774
1787968874,577603, 43792
1787968874,577603, 43774
1787968874,577603, 43774
1787968874,577603, 43774
1787968889,577603, 43792
1787968889,577603, 43774
1787968889,577603, 43774
1787968889,577603, 43774
1787968904,577603, 43792
1787968904,577603, 43774
1787968904,577603, 43774
1787968904,577603, 43774
1787968920,577603, 43792
1787968920,577603, 43774
1787968920,577603, 43774
1787968920,577603, 43774
1787968935,577603, 43792
1787968935,577603, 43774
1787968935,577603, 43774
1787968935,577603, 43774
1787968950,577603, 43792
1787968950,577603, 43774
1787968950,577603, 43774
1787968950,577603, 43774
1787968965,577603, 43792
1787968965,577603, 43774
1787968965,577603, 43774
1787968965,577603, 43774
1787968980,577603, 43792
1787968980,577603, 43774
1787968980,577603, 43774
1787968980,577603, 43774
1787968995,577603, 43792
1787968995,577603, 43774
1787968995,577603, 43774
1787968995,577603, 43774
1787969010,577603, 43792
1787969010,577603, 43774
1787969010,577603, 43774
1787969010,577603, 43774
1787969025,577603, 43792
1787969025,577603, 43774
1787969025,577603, 43774
1787969025,577603, 43774
1787969040,577603, 43792
1787969040,577603, 43774
1787969040,577603, 43774
1787969040,577603, 43774
